iter,type,temperature,oldFitness,newFitness,bestFitness,delta,improveTotal,stagnation
[IMPROVE] Iter=30 | T=153850 | NewBest=529602 | Δ=5105 | ImproveTotal=1
[IMPROVE] Iter=58 | T=153388 | NewBest=527053 | Δ=48009 | ImproveTotal=2
[IMPROVE] Iter=87 | T=152929 | NewBest=520289 | Δ=7106 | ImproveTotal=3
[IMPROVE] Iter=95 | T=152776 | NewBest=512704 | Δ=7605 | ImproveTotal=4
[IMPROVE] Iter=96 | T=152776 | NewBest=512694 | Δ=10 | ImproveTotal=5
[IMPROVE] Iter=105 | T=152623 | NewBest=507110 | Δ=5584 | ImproveTotal=6
[IMPROVE] Iter=153 | T=151861 | NewBest=504479 | Δ=3128 | ImproveTotal=7
[IMPROVE] Iter=157 | T=151861 | NewBest=497903 | Δ=6738 | ImproveTotal=8
[IMPROVE] Iter=164 | T=151710 | NewBest=497875 | Δ=28 | ImproveTotal=9
[IMPROVE] Iter=165 | T=151710 | NewBest=490553 | Δ=7322 | ImproveTotal=10
[IMPROVE] Iter=169 | T=151710 | NewBest=490515 | Δ=38 | ImproveTotal=11
[IMPROVE] Iter=186 | T=151406 | NewBest=483437 | Δ=7384 | ImproveTotal=12
[IMPROVE] Iter=203 | T=151104 | NewBest=483431 | Δ=9 | ImproveTotal=13
[IMPROVE] Iter=218 | T=150953 | NewBest=476699 | Δ=7072 | ImproveTotal=14
[IMPROVE] Iter=258 | T=150350 | NewBest=469481 | Δ=7484 | ImproveTotal=15
[IMPROVE] Iter=332 | T=149151 | NewBest=469115 | Δ=1180 | ImproveTotal=16
[IMPROVE] Iter=373 | T=148555 | NewBest=464713 | Δ=4984 | ImproveTotal=17
[IMPROVE] Iter=384 | T=148407 | NewBest=464711 | Δ=2 | ImproveTotal=18
[IMPROVE] Iter=484 | T=146929 | NewBest=462526 | Δ=3409 | ImproveTotal=19
[IMPROVE] Iter=491 | T=146782 | NewBest=461723 | Δ=19991 | ImproveTotal=20
[IMPROVE] Iter=597 | T=145321 | NewBest=459389 | Δ=3998 | ImproveTotal=21
[IMPROVE] Iter=599 | T=145321 | NewBest=459352 | Δ=37 | ImproveTotal=22
[IMPROVE] Iter=603 | T=145176 | NewBest=459348 | Δ=4 | ImproveTotal=23
[IMPROVE] Iter=607 | T=145176 | NewBest=459344 | Δ=6 | ImproveTotal=24
[IMPROVE] Iter=613 | T=145031 | NewBest=459334 | Δ=10 | ImproveTotal=25
[IMPROVE] Iter=635 | T=144741 | NewBest=454880 | Δ=4600 | ImproveTotal=26
[IMPROVE] Iter=719 | T=143587 | NewBest=449154 | Δ=6937 | ImproveTotal=27
[IMPROVE] Iter=720 | T=143587 | NewBest=449101 | Δ=53 | ImproveTotal=28
[IMPROVE] Iter=843 | T=141731 | NewBest=445147 | Δ=76042 | ImproveTotal=29
[IMPROVE] Iter=855 | T=141590 | NewBest=441734 | Δ=3548 | ImproveTotal=30
[IMPROVE] Iter=859 | T=141590 | NewBest=441727 | Δ=7 | ImproveTotal=31
[IMPROVE] Iter=861 | T=141448 | NewBest=441721 | Δ=6 | ImproveTotal=32
[IMPROVE] Iter=968 | T=140040 | NewBest=438844 | Δ=4336 | ImproveTotal=33
[IMPROVE] Iter=1106 | T=138092 | NewBest=437105 | Δ=3832 | ImproveTotal=34
[IMPROVE] Iter=1108 | T=138092 | NewBest=437101 | Δ=4 | ImproveTotal=35
[IMPROVE] Iter=1119 | T=137954 | NewBest=437072 | Δ=47 | ImproveTotal=36
[IMPROVE] Iter=1123 | T=137816 | NewBest=434410 | Δ=2790 | ImproveTotal=37
[IMPROVE] Iter=1130 | T=137816 | NewBest=434402 | Δ=8 | ImproveTotal=38
[IMPROVE] Iter=1141 | T=137541 | NewBest=434347 | Δ=91 | ImproveTotal=39
[IMPROVE] Iter=1153 | T=137403 | NewBest=434213 | Δ=329 | ImproveTotal=40
[IMPROVE] Iter=1156 | T=137403 | NewBest=434207 | Δ=6 | ImproveTotal=41
[IMPROVE] Iter=1157 | T=137403 | NewBest=434192 | Δ=15 | ImproveTotal=42
[IMPROVE] Iter=1160 | T=137403 | NewBest=434180 | Δ=12 | ImproveTotal=43
[IMPROVE] Iter=1166 | T=137266 | NewBest=434127 | Δ=58 | ImproveTotal=44
[IMPROVE] Iter=1167 | T=137266 | NewBest=434121 | Δ=6 | ImproveTotal=45
[IMPROVE] Iter=1183 | T=136991 | NewBest=432868 | Δ=1309 | ImproveTotal=46
[IMPROVE] Iter=1188 | T=136991 | NewBest=432762 | Δ=106 | ImproveTotal=47
[IMPROVE] Iter=1202 | T=136717 | NewBest=432728 | Δ=34 | ImproveTotal=48
[IMPROVE] Iter=1209 | T=136717 | NewBest=432685 | Δ=43 | ImproveTotal=49
[IMPROVE] Iter=1210 | T=136717 | NewBest=432337 | Δ=348 | ImproveTotal=50
[IMPROVE] Iter=1276 | T=135763 | NewBest=432307 | Δ=63 | ImproveTotal=51
[IMPROVE] Iter=1280 | T=135763 | NewBest=430891 | Δ=1440 | ImproveTotal=52
[IMPROVE] Iter=1299 | T=135492 | NewBest=428776 | Δ=2273 | ImproveTotal=53
[IMPROVE] Iter=1301 | T=135356 | NewBest=428731 | Δ=45 | ImproveTotal=54
[IMPROVE] Iter=1419 | T=133875 | NewBest=428061 | Δ=1470 | ImproveTotal=55
[IMPROVE] Iter=1422 | T=133741 | NewBest=428059 | Δ=8 | ImproveTotal=56
[IMPROVE] Iter=1425 | T=133741 | NewBest=427465 | Δ=594 | ImproveTotal=57
[IMPROVE] Iter=1426 | T=133741 | NewBest=427408 | Δ=57 | ImproveTotal=58
[IMPROVE] Iter=1428 | T=133741 | NewBest=420822 | Δ=6586 | ImproveTotal=59
[IMPROVE] Iter=1431 | T=133607 | NewBest=420786 | Δ=36 | ImproveTotal=60
[IMPROVE] Iter=1437 | T=133607 | NewBest=420759 | Δ=72 | ImproveTotal=61
[IMPROVE] Iter=1483 | T=132941 | NewBest=418523 | Δ=6035 | ImproveTotal=62
[IMPROVE] Iter=1485 | T=132941 | NewBest=418520 | Δ=3 | ImproveTotal=63
[IMPROVE] Iter=1487 | T=132941 | NewBest=418515 | Δ=5 | ImproveTotal=64
[IMPROVE] Iter=1502 | T=132675 | NewBest=418459 | Δ=76 | ImproveTotal=65
[IMPROVE] Iter=1503 | T=132675 | NewBest=418407 | Δ=52 | ImproveTotal=66
[IMPROVE] Iter=1734 | T=129657 | NewBest=415457 | Δ=8447 | ImproveTotal=67
[IMPROVE] Iter=1948 | T=126961 | NewBest=415339 | Δ=92301 | ImproveTotal=68
[IMPROVE] Iter=1949 | T=126961 | NewBest=412942 | Δ=2397 | ImproveTotal=69
[IMPROVE] Iter=1951 | T=126834 | NewBest=412900 | Δ=42 | ImproveTotal=70
[IMPROVE] Iter=1952 | T=126834 | NewBest=412849 | Δ=51 | ImproveTotal=71
[IMPROVE] Iter=2143 | T=124446 | NewBest=410508 | Δ=6235 | ImproveTotal=72
[IMPROVE] Iter=2144 | T=124446 | NewBest=410414 | Δ=94 | ImproveTotal=73
[IMPROVE] Iter=2149 | T=124446 | NewBest=410189 | Δ=225 | ImproveTotal=74
[IMPROVE] Iter=2185 | T=123949 | NewBest=409763 | Δ=653 | ImproveTotal=75
[IMPROVE] Iter=2188 | T=123949 | NewBest=407493 | Δ=2270 | ImproveTotal=76
[IMPROVE] Iter=2190 | T=123949 | NewBest=407440 | Δ=53 | ImproveTotal=77
[IMPROVE] Iter=2197 | T=123825 | NewBest=405924 | Δ=2443 | ImproveTotal=78
[IMPROVE] Iter=2283 | T=122715 | NewBest=402628 | Δ=4559 | ImproveTotal=79
[IMPROVE] Iter=2286 | T=122715 | NewBest=402599 | Δ=29 | ImproveTotal=80
[IMPROVE] Iter=2287 | T=122715 | NewBest=402421 | Δ=178 | ImproveTotal=81
[IMPROVE] Iter=2294 | T=122592 | NewBest=397647 | Δ=4835 | ImproveTotal=82
[IMPROVE] Iter=2296 | T=122592 | NewBest=397558 | Δ=89 | ImproveTotal=83
[IMPROVE] Iter=2297 | T=122592 | NewBest=397442 | Δ=116 | ImproveTotal=84
[IMPROVE] Iter=2378 | T=121615 | NewBest=394484 | Δ=3856 | ImproveTotal=85
[IMPROVE] Iter=2382 | T=121493 | NewBest=392179 | Δ=2544 | ImproveTotal=86
[IMPROVE] Iter=2400 | T=121372 | NewBest=390025 | Δ=47642 | ImproveTotal=87
[IMPROVE] Iter=2405 | T=121250 | NewBest=389487 | Δ=538 | ImproveTotal=88
[IMPROVE] Iter=2418 | T=121129 | NewBest=385982 | Δ=3784 | ImproveTotal=89
[IMPROVE] Iter=2419 | T=121129 | NewBest=385965 | Δ=17 | ImproveTotal=90
[IMPROVE] Iter=2422 | T=121008 | NewBest=385915 | Δ=50 | ImproveTotal=91
[IMPROVE] Iter=2439 | T=120887 | NewBest=385913 | Δ=4 | ImproveTotal=92
[IMPROVE] Iter=2440 | T=120887 | NewBest=385786 | Δ=127 | ImproveTotal=93
[IMPROVE] Iter=2441 | T=120766 | NewBest=385775 | Δ=11 | ImproveTotal=94
[IMPROVE] Iter=2453 | T=120645 | NewBest=382212 | Δ=3563 | ImproveTotal=95
[IMPROVE] Iter=2458 | T=120645 | NewBest=381972 | Δ=249 | ImproveTotal=96
[IMPROVE] Iter=2487 | T=120284 | NewBest=381966 | Δ=100 | ImproveTotal=97
[IMPROVE] Iter=2490 | T=120284 | NewBest=381905 | Δ=61 | ImproveTotal=98
[IMPROVE] Iter=2507 | T=120043 | NewBest=381891 | Δ=93 | ImproveTotal=99
[IMPROVE] Iter=2512 | T=119923 | NewBest=381802 | Δ=22200 | ImproveTotal=100
[IMPROVE] Iter=2558 | T=119444 | NewBest=381736 | Δ=14456 | ImproveTotal=101
[IMPROVE] Iter=2559 | T=119444 | NewBest=381698 | Δ=38 | ImproveTotal=102
[IMPROVE] Iter=2618 | T=118729 | NewBest=381532 | Δ=987 | ImproveTotal=103
[IMPROVE] Iter=2630 | T=118611 | NewBest=380682 | Δ=1098 | ImproveTotal=104
[IMPROVE] Iter=2631 | T=118492 | NewBest=380646 | Δ=36 | ImproveTotal=105
[IMPROVE] Iter=2641 | T=118373 | NewBest=380614 | Δ=32 | ImproveTotal=106
[IMPROVE] Iter=2656 | T=118255 | NewBest=380404 | Δ=212 | ImproveTotal=107
[IMPROVE] Iter=2661 | T=118137 | NewBest=377547 | Δ=2919 | ImproveTotal=108
[IMPROVE] Iter=2739 | T=117312 | NewBest=377486 | Δ=129 | ImproveTotal=109
[IMPROVE] Iter=2741 | T=117195 | NewBest=377478 | Δ=110 | ImproveTotal=110
[IMPROVE] Iter=2746 | T=117195 | NewBest=376321 | Δ=1196 | ImproveTotal=111
[IMPROVE] Iter=2749 | T=117195 | NewBest=376309 | Δ=12 | ImproveTotal=112
[IMPROVE] Iter=2750 | T=117195 | NewBest=374178 | Δ=2131 | ImproveTotal=113
[IMPROVE] Iter=2772 | T=116844 | NewBest=370397 | Δ=5484 | ImproveTotal=114
[IMPROVE] Iter=2773 | T=116844 | NewBest=370286 | Δ=111 | ImproveTotal=115
[IMPROVE] Iter=2777 | T=116844 | NewBest=370025 | Δ=261 | ImproveTotal=116
[IMPROVE] Iter=2779 | T=116844 | NewBest=369992 | Δ=33 | ImproveTotal=117
[IMPROVE] Iter=2780 | T=116844 | NewBest=368442 | Δ=1550 | ImproveTotal=118
[IMPROVE] Iter=2785 | T=116727 | NewBest=368423 | Δ=19 | ImproveTotal=119
[IMPROVE] Iter=2787 | T=116727 | NewBest=368372 | Δ=51 | ImproveTotal=120
[IMPROVE] Iter=2969 | T=114644 | NewBest=367408 | Δ=3199 | ImproveTotal=121
[IMPROVE] Iter=2970 | T=114644 | NewBest=367380 | Δ=28 | ImproveTotal=122
[IMPROVE] Iter=2971 | T=114529 | NewBest=367145 | Δ=235 | ImproveTotal=123
[IMPROVE] Iter=2980 | T=114529 | NewBest=367113 | Δ=298 | ImproveTotal=124
[IMPROVE] Iter=2981 | T=114414 | NewBest=367102 | Δ=11 | ImproveTotal=125
[IMPROVE] Iter=2988 | T=114414 | NewBest=367095 | Δ=35 | ImproveTotal=126
[IMPROVE] Iter=2990 | T=114414 | NewBest=367087 | Δ=8 | ImproveTotal=127
[IMPROVE] Iter=2992 | T=114300 | NewBest=367034 | Δ=53 | ImproveTotal=128
[IMPROVE] Iter=2993 | T=114300 | NewBest=366923 | Δ=111 | ImproveTotal=129
[IMPROVE] Iter=2996 | T=114300 | NewBest=366829 | Δ=262 | ImproveTotal=130
[IMPROVE] Iter=2998 | T=114300 | NewBest=366819 | Δ=10 | ImproveTotal=131
[IMPROVE] Iter=3012 | T=114072 | NewBest=366742 | Δ=95 | ImproveTotal=132
[IMPROVE] Iter=3015 | T=114072 | NewBest=366678 | Δ=64 | ImproveTotal=133
[IMPROVE] Iter=3016 | T=114072 | NewBest=366601 | Δ=77 | ImproveTotal=134
[IMPROVE] Iter=3063 | T=113502 | NewBest=363829 | Δ=2906 | ImproveTotal=135
[IMPROVE] Iter=3083 | T=113275 | NewBest=363521 | Δ=424 | ImproveTotal=136
[IMPROVE] Iter=3096 | T=113162 | NewBest=363492 | Δ=65 | ImproveTotal=137
[IMPROVE] Iter=3097 | T=113162 | NewBest=363482 | Δ=10 | ImproveTotal=138
[IMPROVE] Iter=3114 | T=112936 | NewBest=363018 | Δ=38615 | ImproveTotal=139
[IMPROVE] Iter=3128 | T=112823 | NewBest=362973 | Δ=180 | ImproveTotal=140
[IMPROVE] Iter=3129 | T=112823 | NewBest=362782 | Δ=191 | ImproveTotal=141
[IMPROVE] Iter=3361 | T=110146 | NewBest=359859 | Δ=5173 | ImproveTotal=142
[IMPROVE] Iter=3366 | T=110146 | NewBest=358000 | Δ=1868 | ImproveTotal=143
[IMPROVE] Iter=3372 | T=110036 | NewBest=355942 | Δ=2441 | ImproveTotal=144
[IMPROVE] Iter=3387 | T=109926 | NewBest=354590 | Δ=1545 | ImproveTotal=145
[IMPROVE] Iter=3396 | T=109816 | NewBest=354506 | Δ=347 | ImproveTotal=146
[IMPROVE] Iter=3409 | T=109706 | NewBest=354312 | Δ=251 | ImproveTotal=147
[IMPROVE] Iter=3411 | T=109597 | NewBest=354215 | Δ=97 | ImproveTotal=148
[IMPROVE] Iter=3412 | T=109597 | NewBest=354203 | Δ=12 | ImproveTotal=149
[IMPROVE] Iter=3467 | T=109050 | NewBest=351705 | Δ=2567 | ImproveTotal=150
[IMPROVE] Iter=3472 | T=108941 | NewBest=351254 | Δ=507 | ImproveTotal=151
[IMPROVE] Iter=3474 | T=108941 | NewBest=351234 | Δ=20 | ImproveTotal=152
[IMPROVE] Iter=3488 | T=108832 | NewBest=351208 | Δ=204 | ImproveTotal=153
[IMPROVE] Iter=3495 | T=108723 | NewBest=351154 | Δ=67 | ImproveTotal=154
[IMPROVE] Iter=3508 | T=108614 | NewBest=351076 | Δ=102 | ImproveTotal=155
[IMPROVE] Iter=3523 | T=108397 | NewBest=346381 | Δ=5017 | ImproveTotal=156
[IMPROVE] Iter=3530 | T=108397 | NewBest=344423 | Δ=2286 | ImproveTotal=157
[IMPROVE] Iter=3534 | T=108289 | NewBest=344211 | Δ=266397 | ImproveTotal=158
[IMPROVE] Iter=3537 | T=108289 | NewBest=344209 | Δ=2 | ImproveTotal=159
[IMPROVE] Iter=3538 | T=108289 | NewBest=344178 | Δ=31 | ImproveTotal=160
[IMPROVE] Iter=3539 | T=108289 | NewBest=344100 | Δ=78 | ImproveTotal=161
[IMPROVE] Iter=3540 | T=108289 | NewBest=343915 | Δ=185 | ImproveTotal=162
[IMPROVE] Iter=3542 | T=108180 | NewBest=343893 | Δ=22 | ImproveTotal=163
[IMPROVE] Iter=3544 | T=108180 | NewBest=343889 | Δ=79 | ImproveTotal=164
[IMPROVE] Iter=3546 | T=108180 | NewBest=343777 | Δ=232 | ImproveTotal=165
[IMPROVE] Iter=3549 | T=108180 | NewBest=343669 | Δ=113 | ImproveTotal=166
[IMPROVE] Iter=3553 | T=108072 | NewBest=343604 | Δ=65 | ImproveTotal=167
[IMPROVE] Iter=3555 | T=108072 | NewBest=343593 | Δ=11 | ImproveTotal=168
[IMPROVE] Iter=3619 | T=107425 | NewBest=343533 | Δ=1610 | ImproveTotal=169
[IMPROVE] Iter=3625 | T=107318 | NewBest=343413 | Δ=296436 | ImproveTotal=170
[IMPROVE] Iter=3627 | T=107318 | NewBest=341643 | Δ=4558 | ImproveTotal=171
[IMPROVE] Iter=3628 | T=107318 | NewBest=341534 | Δ=109 | ImproveTotal=172
[IMPROVE] Iter=3635 | T=107211 | NewBest=341228 | Δ=306 | ImproveTotal=173
[IMPROVE] Iter=3636 | T=107211 | NewBest=341177 | Δ=51 | ImproveTotal=174
[IMPROVE] Iter=3768 | T=105825 | NewBest=340299 | Δ=3432 | ImproveTotal=175
[IMPROVE] Iter=3769 | T=105825 | NewBest=340199 | Δ=100 | ImproveTotal=176
[IMPROVE] Iter=3774 | T=105719 | NewBest=335636 | Δ=75943 | ImproveTotal=177
[IMPROVE] Iter=3782 | T=105614 | NewBest=335517 | Δ=155 | ImproveTotal=178
[IMPROVE] Iter=3793 | T=105508 | NewBest=335463 | Δ=344 | ImproveTotal=179
[IMPROVE] Iter=3797 | T=105508 | NewBest=335451 | Δ=12 | ImproveTotal=180
[IMPROVE] Iter=3818 | T=105297 | NewBest=331781 | Δ=4158 | ImproveTotal=181
[IMPROVE] Iter=3819 | T=105297 | NewBest=331335 | Δ=446 | ImproveTotal=182
[IMPROVE] Iter=3829 | T=105192 | NewBest=331295 | Δ=40 | ImproveTotal=183
[IMPROVE] Iter=3830 | T=105192 | NewBest=331129 | Δ=166 | ImproveTotal=184
[IMPROVE] Iter=3831 | T=105087 | NewBest=326860 | Δ=4269 | ImproveTotal=185
[IMPROVE] Iter=3864 | T=104772 | NewBest=325439 | Δ=1974 | ImproveTotal=186
[IMPROVE] Iter=3872 | T=104667 | NewBest=325367 | Δ=95 | ImproveTotal=187
[IMPROVE] Iter=3891 | T=104458 | NewBest=325357 | Δ=50 | ImproveTotal=188
[IMPROVE] Iter=3899 | T=104458 | NewBest=322570 | Δ=2904 | ImproveTotal=189
[IMPROVE] Iter=3903 | T=104353 | NewBest=322342 | Δ=228 | ImproveTotal=190
[IMPROVE] Iter=3932 | T=104040 | NewBest=319736 | Δ=2761 | ImproveTotal=191
[IMPROVE] Iter=3933 | T=104040 | NewBest=319710 | Δ=26 | ImproveTotal=192
[IMPROVE] Iter=3934 | T=104040 | NewBest=319403 | Δ=307 | ImproveTotal=193
[IMPROVE] Iter=3935 | T=104040 | NewBest=319359 | Δ=44 | ImproveTotal=194
[IMPROVE] Iter=3958 | T=103832 | NewBest=318659 | Δ=1386 | ImproveTotal=195
[IMPROVE] Iter=3960 | T=103832 | NewBest=318218 | Δ=525 | ImproveTotal=196
[IMPROVE] Iter=3964 | T=103729 | NewBest=316202 | Δ=2016 | ImproveTotal=197
[IMPROVE] Iter=3965 | T=103729 | NewBest=316179 | Δ=23 | ImproveTotal=198
[IMPROVE] Iter=3988 | T=103521 | NewBest=316145 | Δ=110 | ImproveTotal=199
[IMPROVE] Iter=4412 | T=99162.1 | NewBest=316137 | Δ=144 | ImproveTotal=200
[IMPROVE] Iter=4414 | T=99162.1 | NewBest=315874 | Δ=263 | ImproveTotal=201
[IMPROVE] Iter=4419 | T=99162.1 | NewBest=315869 | Δ=5 | ImproveTotal=202
[IMPROVE] Iter=4423 | T=99062.9 | NewBest=314853 | Δ=179837 | ImproveTotal=203
[IMPROVE] Iter=4430 | T=99062.9 | NewBest=314845 | Δ=234 | ImproveTotal=204
[IMPROVE] Iter=4433 | T=98963.9 | NewBest=314798 | Δ=47 | ImproveTotal=205
[IMPROVE] Iter=4665 | T=96712.6 | NewBest=312647 | Δ=3299 | ImproveTotal=206
[IMPROVE] Iter=4668 | T=96712.6 | NewBest=312615 | Δ=32 | ImproveTotal=207
[IMPROVE] Iter=4669 | T=96712.6 | NewBest=312433 | Δ=182 | ImproveTotal=208
[IMPROVE] Iter=4679 | T=96615.8 | NewBest=310312 | Δ=2927 | ImproveTotal=209
[IMPROVE] Iter=4697 | T=96422.7 | NewBest=310229 | Δ=343 | ImproveTotal=210
[IMPROVE] Iter=4711 | T=96230 | NewBest=310193 | Δ=39 | ImproveTotal=211
[IMPROVE] Iter=4712 | T=96230 | NewBest=310190 | Δ=3 | ImproveTotal=212
[IMPROVE] Iter=4713 | T=96230 | NewBest=310182 | Δ=8 | ImproveTotal=213
[IMPROVE] Iter=4716 | T=96230 | NewBest=306473 | Δ=3709 | ImproveTotal=214
[IMPROVE] Iter=4731 | T=96037.6 | NewBest=306430 | Δ=167 | ImproveTotal=215
[IMPROVE] Iter=4732 | T=96037.6 | NewBest=306427 | Δ=3 | ImproveTotal=216
[IMPROVE] Iter=4742 | T=95941.6 | NewBest=306426 | Δ=3 | ImproveTotal=217
[IMPROVE] Iter=4745 | T=95941.6 | NewBest=306396 | Δ=30 | ImproveTotal=218
[IMPROVE] Iter=4751 | T=95845.6 | NewBest=306102 | Δ=294 | ImproveTotal=219
[IMPROVE] Iter=4753 | T=95845.6 | NewBest=305543 | Δ=559 | ImproveTotal=220
[IMPROVE] Iter=4754 | T=95845.6 | NewBest=305493 | Δ=50 | ImproveTotal=221
[IMPROVE] Iter=4806 | T=95367.3 | NewBest=305344 | Δ=373 | ImproveTotal=222
[IMPROVE] Iter=4808 | T=95367.3 | NewBest=305209 | Δ=135 | ImproveTotal=223
[IMPROVE] Iter=4811 | T=95272 | NewBest=305179 | Δ=30 | ImproveTotal=224
[IMPROVE] Iter=4816 | T=95272 | NewBest=305085 | Δ=129 | ImproveTotal=225
[IMPROVE] Iter=4832 | T=95081.5 | NewBest=305057 | Δ=243 | ImproveTotal=226
[IMPROVE] Iter=4834 | T=95081.5 | NewBest=305013 | Δ=44 | ImproveTotal=227
[IMPROVE] Iter=4835 | T=95081.5 | NewBest=304979 | Δ=34 | ImproveTotal=228
[IMPROVE] Iter=4838 | T=95081.5 | NewBest=304896 | Δ=83 | ImproveTotal=229
[IMPROVE] Iter=4842 | T=94986.4 | NewBest=304665 | Δ=231 | ImproveTotal=230
[IMPROVE] Iter=4849 | T=94986.4 | NewBest=304656 | Δ=15 | ImproveTotal=231
[IMPROVE] Iter=4940 | T=94135 | NewBest=304619 | Δ=61 | ImproveTotal=232
[IMPROVE] Iter=4951 | T=93946.8 | NewBest=304485 | Δ=212 | ImproveTotal=233
[IMPROVE] Iter=4970 | T=93852.9 | NewBest=304469 | Δ=33 | ImproveTotal=234
[IMPROVE] Iter=5202 | T=91626.1 | NewBest=303252 | Δ=2482 | ImproveTotal=235
[IMPROVE] Iter=5218 | T=91534.5 | NewBest=302275 | Δ=1175 | ImproveTotal=236
[IMPROVE] Iter=5230 | T=91442.9 | NewBest=299127 | Δ=3489 | ImproveTotal=237
[IMPROVE] Iter=5232 | T=91351.5 | NewBest=298954 | Δ=173 | ImproveTotal=238
[IMPROVE] Iter=5246 | T=91260.1 | NewBest=298896 | Δ=90 | ImproveTotal=239
[IMPROVE] Iter=5406 | T=89810.9 | NewBest=297384 | Δ=3057 | ImproveTotal=240
[IMPROVE] Iter=5407 | T=89810.9 | NewBest=294439 | Δ=2945 | ImproveTotal=241
[IMPROVE] Iter=5410 | T=89810.9 | NewBest=294392 | Δ=162 | ImproveTotal=242
[IMPROVE] Iter=5419 | T=89721.1 | NewBest=294283 | Δ=250 | ImproveTotal=243
[IMPROVE] Iter=5425 | T=89631.4 | NewBest=294264 | Δ=19 | ImproveTotal=244
[IMPROVE] Iter=5428 | T=89631.4 | NewBest=294184 | Δ=80 | ImproveTotal=245
[IMPROVE] Iter=5439 | T=89541.7 | NewBest=294123 | Δ=249 | ImproveTotal=246
[IMPROVE] Iter=5448 | T=89452.2 | NewBest=294067 | Δ=56 | ImproveTotal=247
[IMPROVE] Iter=5577 | T=88296.3 | NewBest=293152 | Δ=4977 | ImproveTotal=248
[IMPROVE] Iter=5589 | T=88208 | NewBest=293040 | Δ=405 | ImproveTotal=249
[IMPROVE] Iter=5603 | T=88031.6 | NewBest=292942 | Δ=245 | ImproveTotal=250
[IMPROVE] Iter=5606 | T=88031.6 | NewBest=292892 | Δ=59 | ImproveTotal=251
[IMPROVE] Iter=5706 | T=87155.3 | NewBest=292747 | Δ=367 | ImproveTotal=252
[IMPROVE] Iter=5708 | T=87155.3 | NewBest=292571 | Δ=176 | ImproveTotal=253
[IMPROVE] Iter=5710 | T=87155.3 | NewBest=292476 | Δ=95 | ImproveTotal=254
[IMPROVE] Iter=5727 | T=86981 | NewBest=291576 | Δ=1120 | ImproveTotal=255
[IMPROVE] Iter=5729 | T=86981 | NewBest=291466 | Δ=110 | ImproveTotal=256
[IMPROVE] Iter=5731 | T=86894.1 | NewBest=291337 | Δ=129 | ImproveTotal=257
[IMPROVE] Iter=5745 | T=86807.2 | NewBest=290576 | Δ=832 | ImproveTotal=258
[IMPROVE] Iter=5880 | T=85685.4 | NewBest=289599 | Δ=3496 | ImproveTotal=259
[IMPROVE] Iter=5882 | T=85599.7 | NewBest=289527 | Δ=72 | ImproveTotal=260
[IMPROVE] Iter=5887 | T=85599.7 | NewBest=288435 | Δ=1137 | ImproveTotal=261
[IMPROVE] Iter=5903 | T=85428.6 | NewBest=286297 | Δ=2701 | ImproveTotal=262
[IMPROVE] Iter=5906 | T=85428.6 | NewBest=286284 | Δ=32 | ImproveTotal=263
[IMPROVE] Iter=5911 | T=85343.2 | NewBest=286041 | Δ=243 | ImproveTotal=264
[IMPROVE] Iter=5948 | T=85087.4 | NewBest=285829 | Δ=721 | ImproveTotal=265
[IMPROVE] Iter=6184 | T=83068.6 | NewBest=284634 | Δ=2189 | ImproveTotal=266
[IMPROVE] Iter=6186 | T=83068.6 | NewBest=284590 | Δ=44 | ImproveTotal=267
[IMPROVE] Iter=6210 | T=82902.6 | NewBest=284403 | Δ=251 | ImproveTotal=268
[IMPROVE] Iter=6212 | T=82819.7 | NewBest=284362 | Δ=41 | ImproveTotal=269
[IMPROVE] Iter=6244 | T=82571.5 | NewBest=284310 | Δ=137 | ImproveTotal=270
[IMPROVE] Iter=6248 | T=82571.5 | NewBest=284289 | Δ=21 | ImproveTotal=271
[IMPROVE] Iter=6251 | T=82488.9 | NewBest=283749 | Δ=612 | ImproveTotal=272
[IMPROVE] Iter=6264 | T=82406.4 | NewBest=282953 | Δ=2487 | ImproveTotal=273
[IMPROVE] Iter=6266 | T=82406.4 | NewBest=282921 | Δ=32 | ImproveTotal=274
[IMPROVE] Iter=6268 | T=82406.4 | NewBest=282908 | Δ=13 | ImproveTotal=275
[IMPROVE] Iter=6318 | T=81995.2 | NewBest=282873 | Δ=372 | ImproveTotal=276
[IMPROVE] Iter=6319 | T=81995.2 | NewBest=282701 | Δ=172 | ImproveTotal=277
[IMPROVE] Iter=6323 | T=81913.2 | NewBest=282587 | Δ=114 | ImproveTotal=278
[IMPROVE] Iter=6341 | T=81749.5 | NewBest=281964 | Δ=978 | ImproveTotal=279
[IMPROVE] Iter=6372 | T=81504.5 | NewBest=279283 | Δ=3153 | ImproveTotal=280
[IMPROVE] Iter=6441 | T=80935.6 | NewBest=279163 | Δ=3349 | ImproveTotal=281
[IMPROVE] Iter=6442 | T=80935.6 | NewBest=279007 | Δ=156 | ImproveTotal=282
[IMPROVE] Iter=6444 | T=80935.6 | NewBest=278820 | Δ=187 | ImproveTotal=283
[IMPROVE] Iter=6452 | T=80854.7 | NewBest=278797 | Δ=154 | ImproveTotal=284
[IMPROVE] Iter=6728 | T=78699.8 | NewBest=277856 | Δ=1640 | ImproveTotal=285
[IMPROVE] Iter=6734 | T=78621.1 | NewBest=277650 | Δ=414 | ImproveTotal=286
[IMPROVE] Iter=6735 | T=78621.1 | NewBest=277468 | Δ=182 | ImproveTotal=287
[IMPROVE] Iter=6744 | T=78542.4 | NewBest=275470 | Δ=2362 | ImproveTotal=288
[IMPROVE] Iter=6745 | T=78542.4 | NewBest=275172 | Δ=298 | ImproveTotal=289
[IMPROVE] Iter=6760 | T=78463.9 | NewBest=273332 | Δ=2084 | ImproveTotal=290
[IMPROVE] Iter=6769 | T=78385.4 | NewBest=273087 | Δ=414 | ImproveTotal=291
[IMPROVE] Iter=6899 | T=77372.5 | NewBest=273001 | Δ=26750 | ImproveTotal=292
[IMPROVE] Iter=6909 | T=77295.1 | NewBest=272991 | Δ=56 | ImproveTotal=293
[IMPROVE] Iter=7125 | T=75612.4 | NewBest=272489 | Δ=2399 | ImproveTotal=294
[IMPROVE] Iter=7336 | T=74040.3 | NewBest=272408 | Δ=138 | ImproveTotal=295
[IMPROVE] Iter=7340 | T=74040.3 | NewBest=272234 | Δ=183 | ImproveTotal=296
[IMPROVE] Iter=7355 | T=73892.3 | NewBest=272210 | Δ=195 | ImproveTotal=297
[IMPROVE] Iter=7357 | T=73892.3 | NewBest=270673 | Δ=1624 | ImproveTotal=298
[IMPROVE] Iter=7366 | T=73818.4 | NewBest=270612 | Δ=61 | ImproveTotal=299
[IMPROVE] Iter=7418 | T=73450.1 | NewBest=270563 | Δ=226 | ImproveTotal=300
[IMPROVE] Iter=7419 | T=73450.1 | NewBest=270376 | Δ=187 | ImproveTotal=301
[IMPROVE] Iter=7421 | T=73376.6 | NewBest=270268 | Δ=108 | ImproveTotal=302
[IMPROVE] Iter=7450 | T=73229.9 | NewBest=269324 | Δ=2292 | ImproveTotal=303
[IMPROVE] Iter=7456 | T=73156.7 | NewBest=267376 | Δ=2144 | ImproveTotal=304
[IMPROVE] Iter=7461 | T=73083.5 | NewBest=267202 | Δ=429 | ImproveTotal=305
[IMPROVE] Iter=7468 | T=73083.5 | NewBest=267171 | Δ=143 | ImproveTotal=306
[IMPROVE] Iter=7469 | T=73083.5 | NewBest=267120 | Δ=51 | ImproveTotal=307
[IMPROVE] Iter=7493 | T=72864.5 | NewBest=267092 | Δ=143 | ImproveTotal=308
[IMPROVE] Iter=7508 | T=72791.6 | NewBest=267026 | Δ=131 | ImproveTotal=309
[IMPROVE] Iter=7520 | T=72718.8 | NewBest=265114 | Δ=57438 | ImproveTotal=310
[IMPROVE] Iter=7524 | T=72646.1 | NewBest=264973 | Δ=155 | ImproveTotal=311
[IMPROVE] Iter=7591 | T=72139.1 | NewBest=264871 | Δ=335 | ImproveTotal=312
[IMPROVE] Iter=7594 | T=72139.1 | NewBest=264789 | Δ=169 | ImproveTotal=313
[IMPROVE] Iter=7600 | T=72139.1 | NewBest=264264 | Δ=539 | ImproveTotal=314
[IMPROVE] Iter=7602 | T=72067 | NewBest=264108 | Δ=156 | ImproveTotal=315
[IMPROVE] Iter=7641 | T=71779.2 | NewBest=264054 | Δ=285 | ImproveTotal=316
[IMPROVE] Iter=7667 | T=71635.7 | NewBest=264008 | Δ=341 | ImproveTotal=317
[IMPROVE] Iter=7705 | T=71349.6 | NewBest=263932 | Δ=741 | ImproveTotal=318
[IMPROVE] Iter=7707 | T=71349.6 | NewBest=263860 | Δ=72 | ImproveTotal=319
[IMPROVE] Iter=7782 | T=70780.8 | NewBest=262837 | Δ=1987 | ImproveTotal=320
[IMPROVE] Iter=7793 | T=70710 | NewBest=262528 | Δ=411 | ImproveTotal=321
[IMPROVE] Iter=7795 | T=70710 | NewBest=262430 | Δ=98 | ImproveTotal=322
[IMPROVE] Iter=7799 | T=70710 | NewBest=262139 | Δ=298 | ImproveTotal=323
[IMPROVE] Iter=7803 | T=70639.3 | NewBest=261829 | Δ=375 | ImproveTotal=324
[IMPROVE] Iter=7804 | T=70639.3 | NewBest=261815 | Δ=14 | ImproveTotal=325
[IMPROVE] Iter=7806 | T=70639.3 | NewBest=260476 | Δ=1358 | ImproveTotal=326
[IMPROVE] Iter=7807 | T=70639.3 | NewBest=260328 | Δ=148 | ImproveTotal=327
[IMPROVE] Iter=7810 | T=70639.3 | NewBest=260194 | Δ=134 | ImproveTotal=328
[IMPROVE] Iter=7929 | T=69796.2 | NewBest=260027 | Δ=505 | ImproveTotal=329
[IMPROVE] Iter=8676 | T=64750.6 | NewBest=259912 | Δ=234 | ImproveTotal=330
[IMPROVE] Iter=8677 | T=64750.6 | NewBest=259854 | Δ=58 | ImproveTotal=331
[IMPROVE] Iter=8694 | T=64621.1 | NewBest=259758 | Δ=635 | ImproveTotal=332
[IMPROVE] Iter=8695 | T=64621.1 | NewBest=259744 | Δ=14 | ImproveTotal=333
[IMPROVE] Iter=8700 | T=64621.1 | NewBest=259566 | Δ=178 | ImproveTotal=334
[IMPROVE] Iter=8701 | T=64556.5 | NewBest=259345 | Δ=221 | ImproveTotal=335
[IMPROVE] Iter=8715 | T=64492 | NewBest=259333 | Δ=40 | ImproveTotal=336
[IMPROVE] Iter=8729 | T=64427.5 | NewBest=259312 | Δ=60 | ImproveTotal=337
[IMPROVE] Iter=8731 | T=64363 | NewBest=259101 | Δ=211 | ImproveTotal=338
[IMPROVE] Iter=8733 | T=64363 | NewBest=258765 | Δ=336 | ImproveTotal=339
[IMPROVE] Iter=8743 | T=64298.7 | NewBest=258606 | Δ=273 | ImproveTotal=340
[IMPROVE] Iter=8745 | T=64298.7 | NewBest=258459 | Δ=165 | ImproveTotal=341
[IMPROVE] Iter=8746 | T=64298.7 | NewBest=258350 | Δ=109 | ImproveTotal=342
[IMPROVE] Iter=8748 | T=64298.7 | NewBest=258114 | Δ=236 | ImproveTotal=343
[IMPROVE] Iter=8777 | T=64106 | NewBest=258105 | Δ=159 | ImproveTotal=344
[IMPROVE] Iter=8778 | T=64106 | NewBest=258092 | Δ=13 | ImproveTotal=345
[IMPROVE] Iter=8795 | T=63977.8 | NewBest=258066 | Δ=415 | ImproveTotal=346
[IMPROVE] Iter=8796 | T=63977.8 | NewBest=257997 | Δ=69 | ImproveTotal=347
[IMPROVE] Iter=8801 | T=63913.8 | NewBest=257957 | Δ=40 | ImproveTotal=348
[IMPROVE] Iter=8802 | T=63913.8 | NewBest=257742 | Δ=215 | ImproveTotal=349
[IMPROVE] Iter=8810 | T=63913.8 | NewBest=257702 | Δ=40 | ImproveTotal=350
[IMPROVE] Iter=8828 | T=63786.1 | NewBest=257646 | Δ=1197 | ImproveTotal=351
[IMPROVE] Iter=8859 | T=63594.9 | NewBest=257576 | Δ=151 | ImproveTotal=352
[IMPROVE] Iter=8863 | T=63531.3 | NewBest=257497 | Δ=79 | ImproveTotal=353
[IMPROVE] Iter=8865 | T=63531.3 | NewBest=257478 | Δ=19 | ImproveTotal=354
[IMPROVE] Iter=8883 | T=63404.3 | NewBest=257467 | Δ=176 | ImproveTotal=355
[IMPROVE] Iter=8900 | T=63340.9 | NewBest=257121 | Δ=421 | ImproveTotal=356
[IMPROVE] Iter=8902 | T=63277.6 | NewBest=257052 | Δ=80 | ImproveTotal=357
[IMPROVE] Iter=8995 | T=62710.4 | NewBest=255969 | Δ=1834 | ImproveTotal=358
[IMPROVE] Iter=9000 | T=62710.4 | NewBest=255945 | Δ=24 | ImproveTotal=359
[IMPROVE] Iter=9003 | T=62647.6 | NewBest=255934 | Δ=11 | ImproveTotal=360
[IMPROVE] Iter=9102 | T=62024 | NewBest=255019 | Δ=1731 | ImproveTotal=361
[IMPROVE] Iter=9104 | T=62024 | NewBest=254999 | Δ=20 | ImproveTotal=362
[IMPROVE] Iter=9188 | T=61529.5 | NewBest=254466 | Δ=1185 | ImproveTotal=363
[IMPROVE] Iter=9191 | T=61468 | NewBest=254401 | Δ=65 | ImproveTotal=364
[IMPROVE] Iter=9198 | T=61468 | NewBest=254300 | Δ=113 | ImproveTotal=365
[IMPROVE] Iter=9200 | T=61468 | NewBest=254175 | Δ=125 | ImproveTotal=366
[IMPROVE] Iter=9201 | T=61406.5 | NewBest=254069 | Δ=106 | ImproveTotal=367
[IMPROVE] Iter=9202 | T=61406.5 | NewBest=254031 | Δ=38 | ImproveTotal=368
[IMPROVE] Iter=9205 | T=61406.5 | NewBest=253990 | Δ=41 | ImproveTotal=369
[IMPROVE] Iter=9216 | T=61345.1 | NewBest=253868 | Δ=253 | ImproveTotal=370
[IMPROVE] Iter=9223 | T=61283.8 | NewBest=253697 | Δ=171 | ImproveTotal=371
[IMPROVE] Iter=9224 | T=61283.8 | NewBest=253576 | Δ=121 | ImproveTotal=372
[IMPROVE] Iter=9236 | T=61222.5 | NewBest=253448 | Δ=3215 | ImproveTotal=373
[IMPROVE] Iter=9249 | T=61161.3 | NewBest=253356 | Δ=309 | ImproveTotal=374
[IMPROVE] Iter=9564 | T=59234.1 | NewBest=252832 | Δ=1718 | ImproveTotal=375
[IMPROVE] Iter=9565 | T=59234.1 | NewBest=252807 | Δ=25 | ImproveTotal=376
[IMPROVE] Iter=9566 | T=59234.1 | NewBest=252799 | Δ=8 | ImproveTotal=377
[IMPROVE] Iter=9673 | T=58585.8 | NewBest=251119 | Δ=2077 | ImproveTotal=378
[IMPROVE] Iter=9675 | T=58585.8 | NewBest=251063 | Δ=56 | ImproveTotal=379
[IMPROVE] Iter=9678 | T=58585.8 | NewBest=251052 | Δ=11 | ImproveTotal=380
[IMPROVE] Iter=9681 | T=58527.2 | NewBest=250943 | Δ=110 | ImproveTotal=381
[IMPROVE] Iter=9801 | T=57828.7 | NewBest=250854 | Δ=716 | ImproveTotal=382
[IMPROVE] Iter=9803 | T=57828.7 | NewBest=250810 | Δ=44 | ImproveTotal=383
[IMPROVE] Iter=9816 | T=57770.9 | NewBest=250689 | Δ=335 | ImproveTotal=384
[IMPROVE] Iter=9821 | T=57713.1 | NewBest=250548 | Δ=141 | ImproveTotal=385
[IMPROVE] Iter=9861 | T=57482.6 | NewBest=250479 | Δ=162 | ImproveTotal=386
[IMPROVE] Iter=9866 | T=57482.6 | NewBest=248887 | Δ=1887 | ImproveTotal=387
[IMPROVE] Iter=9914 | T=57195.8 | NewBest=248859 | Δ=76 | ImproveTotal=388
[IMPROVE] Iter=9915 | T=57195.8 | NewBest=248759 | Δ=100 | ImproveTotal=389
[IMPROVE] Iter=9926 | T=57138.6 | NewBest=248661 | Δ=134 | ImproveTotal=390
[IMPROVE] Iter=9934 | T=57081.5 | NewBest=248547 | Δ=289 | ImproveTotal=391
[IMPROVE] Iter=9936 | T=57081.5 | NewBest=248532 | Δ=15 | ImproveTotal=392
[IMPROVE] Iter=9944 | T=57024.4 | NewBest=248433 | Δ=148 | ImproveTotal=393
[IMPROVE] Iter=9950 | T=57024.4 | NewBest=248155 | Δ=278 | ImproveTotal=394
[IMPROVE] Iter=9952 | T=56967.4 | NewBest=248038 | Δ=117 | ImproveTotal=395
[IMPROVE] Iter=9996 | T=56739.8 | NewBest=248009 | Δ=270 | ImproveTotal=396
[IMPROVE] Iter=10023 | T=56569.8 | NewBest=247974 | Δ=223 | ImproveTotal=397
[IMPROVE] Iter=10029 | T=56569.8 | NewBest=247918 | Δ=70 | ImproveTotal=398
[IMPROVE] Iter=10035 | T=56513.2 | NewBest=247873 | Δ=108 | ImproveTotal=399
[IMPROVE] Iter=10046 | T=56456.7 | NewBest=247726 | Δ=239 | ImproveTotal=400
[IMPROVE] Iter=10047 | T=56456.7 | NewBest=247662 | Δ=64 | ImproveTotal=401
[IMPROVE] Iter=10050 | T=56456.7 | NewBest=247542 | Δ=176 | ImproveTotal=402
[IMPROVE] Iter=10051 | T=56400.2 | NewBest=247499 | Δ=43 | ImproveTotal=403
[IMPROVE] Iter=10067 | T=56343.8 | NewBest=247122 | Δ=504 | ImproveTotal=404
[IMPROVE] Iter=10068 | T=56343.8 | NewBest=247110 | Δ=12 | ImproveTotal=405
[IMPROVE] Iter=10069 | T=56343.8 | NewBest=247086 | Δ=24 | ImproveTotal=406
[IMPROVE] Iter=10070 | T=56343.8 | NewBest=247051 | Δ=35 | ImproveTotal=407
[IMPROVE] Iter=10075 | T=56287.5 | NewBest=246830 | Δ=258 | ImproveTotal=408
[IMPROVE] Iter=10077 | T=56287.5 | NewBest=246591 | Δ=240 | ImproveTotal=409
[IMPROVE] Iter=10080 | T=56287.5 | NewBest=246525 | Δ=81 | ImproveTotal=410
[IMPROVE] Iter=10088 | T=56231.2 | NewBest=246470 | Δ=55 | ImproveTotal=411
[IMPROVE] Iter=10094 | T=56175 | NewBest=246446 | Δ=29 | ImproveTotal=412
[IMPROVE] Iter=10097 | T=56175 | NewBest=246399 | Δ=47 | ImproveTotal=413
[IMPROVE] Iter=10189 | T=55671.4 | NewBest=246201 | Δ=453 | ImproveTotal=414
[IMPROVE] Iter=10192 | T=55615.8 | NewBest=246087 | Δ=114 | ImproveTotal=415
[IMPROVE] Iter=10224 | T=55449.1 | NewBest=245657 | Δ=911 | ImproveTotal=416
[IMPROVE] Iter=10227 | T=55449.1 | NewBest=245588 | Δ=69 | ImproveTotal=417
[IMPROVE] Iter=10233 | T=55393.6 | NewBest=245552 | Δ=36 | ImproveTotal=418
[IMPROVE] Iter=10272 | T=55172.4 | NewBest=244239 | Δ=41990 | ImproveTotal=419
[IMPROVE] Iter=10289 | T=55117.2 | NewBest=244137 | Δ=133 | ImproveTotal=420
[IMPROVE] Iter=10309 | T=55007 | NewBest=244131 | Δ=6 | ImproveTotal=421
[IMPROVE] Iter=10339 | T=54842.2 | NewBest=243816 | Δ=428 | ImproveTotal=422
[IMPROVE] Iter=10489 | T=54025.3 | NewBest=243620 | Δ=263 | ImproveTotal=423
[IMPROVE] Iter=10490 | T=54025.3 | NewBest=243090 | Δ=530 | ImproveTotal=424
[IMPROVE] Iter=10567 | T=53594.6 | NewBest=242982 | Δ=337 | ImproveTotal=425
[IMPROVE] Iter=10568 | T=53594.6 | NewBest=242941 | Δ=41 | ImproveTotal=426
[IMPROVE] Iter=10607 | T=53380.5 | NewBest=242790 | Δ=516 | ImproveTotal=427
[IMPROVE] Iter=10670 | T=53061 | NewBest=242586 | Δ=24113 | ImproveTotal=428
[IMPROVE] Iter=10693 | T=52902 | NewBest=242474 | Δ=252 | ImproveTotal=429
[IMPROVE] Iter=10712 | T=52796.3 | NewBest=242430 | Δ=178 | ImproveTotal=430
[IMPROVE] Iter=10896 | T=51854 | NewBest=242400 | Δ=153 | ImproveTotal=431
[IMPROVE] Iter=10911 | T=51750.3 | NewBest=242254 | Δ=367 | ImproveTotal=432
[IMPROVE] Iter=10919 | T=51750.3 | NewBest=242231 | Δ=23 | ImproveTotal=433
[IMPROVE] Iter=10921 | T=51698.6 | NewBest=242209 | Δ=22 | ImproveTotal=434
[IMPROVE] Iter=10923 | T=51698.6 | NewBest=241939 | Δ=270 | ImproveTotal=435
[IMPROVE] Iter=10959 | T=51543.6 | NewBest=241516 | Δ=882 | ImproveTotal=436
[IMPROVE] Iter=10968 | T=51492.1 | NewBest=241495 | Δ=21 | ImproveTotal=437
[IMPROVE] Iter=10978 | T=51440.6 | NewBest=241400 | Δ=255 | ImproveTotal=438
[IMPROVE] Iter=10981 | T=51389.1 | NewBest=241075 | Δ=336 | ImproveTotal=439
[IMPROVE] Iter=10985 | T=51389.1 | NewBest=241026 | Δ=58 | ImproveTotal=440
[IMPROVE] Iter=10989 | T=51389.1 | NewBest=240927 | Δ=103 | ImproveTotal=441
[IMPROVE] Iter=10994 | T=51337.8 | NewBest=240911 | Δ=16 | ImproveTotal=442
[IMPROVE] Iter=10995 | T=51337.8 | NewBest=240883 | Δ=28 | ImproveTotal=443
[IMPROVE] Iter=11017 | T=51235.1 | NewBest=240839 | Δ=86 | ImproveTotal=444
[IMPROVE] Iter=11019 | T=51235.1 | NewBest=239405 | Δ=1446 | ImproveTotal=445
[IMPROVE] Iter=11028 | T=51183.9 | NewBest=239389 | Δ=21 | ImproveTotal=446
[IMPROVE] Iter=11031 | T=51132.7 | NewBest=239371 | Δ=28 | ImproveTotal=447
[IMPROVE] Iter=11051 | T=51030.5 | NewBest=239067 | Δ=560 | ImproveTotal=448
[IMPROVE] Iter=11077 | T=50928.5 | NewBest=238787 | Δ=658 | ImproveTotal=449
[IMPROVE] Iter=11082 | T=50877.6 | NewBest=238333 | Δ=454 | ImproveTotal=450
[IMPROVE] Iter=11109 | T=50775.9 | NewBest=238279 | Δ=581 | ImproveTotal=451
[IMPROVE] Iter=11112 | T=50725.1 | NewBest=238246 | Δ=33 | ImproveTotal=452
[IMPROVE] Iter=11115 | T=50725.1 | NewBest=238204 | Δ=94 | ImproveTotal=453
[IMPROVE] Iter=11195 | T=50320.7 | NewBest=238084 | Δ=1027 | ImproveTotal=454
[IMPROVE] Iter=11218 | T=50220.1 | NewBest=237725 | Δ=545 | ImproveTotal=455
[IMPROVE] Iter=17503 | T=26765.2 | NewBest=237625 | Δ=492 | ImproveTotal=456
[IMPROVE] Iter=17505 | T=26765.2 | NewBest=237593 | Δ=32 | ImproveTotal=457
[IMPROVE] Iter=17550 | T=26658.3 | NewBest=237439 | Δ=243 | ImproveTotal=458
[IMPROVE] Iter=17680 | T=26313.8 | NewBest=237350 | Δ=489 | ImproveTotal=459
[IMPROVE] Iter=17683 | T=26287.5 | NewBest=237282 | Δ=71 | ImproveTotal=460
[IMPROVE] Iter=17686 | T=26287.5 | NewBest=237273 | Δ=9 | ImproveTotal=461
[IMPROVE] Iter=17687 | T=26287.5 | NewBest=236851 | Δ=422 | ImproveTotal=462
[IMPROVE] Iter=17694 | T=26261.2 | NewBest=236763 | Δ=88 | ImproveTotal=463
[IMPROVE] Iter=17696 | T=26261.2 | NewBest=236733 | Δ=30 | ImproveTotal=464
[IMPROVE] Iter=17712 | T=26208.7 | NewBest=236498 | Δ=486 | ImproveTotal=465
[IMPROVE] Iter=17795 | T=25999.7 | NewBest=236003 | Δ=833 | ImproveTotal=466
[IMPROVE] Iter=17804 | T=25973.7 | NewBest=235922 | Δ=572 | ImproveTotal=467
[IMPROVE] Iter=18061 | T=25306.8 | NewBest=235817 | Δ=117 | ImproveTotal=468
[IMPROVE] Iter=18089 | T=25256.2 | NewBest=235489 | Δ=613 | ImproveTotal=469
[IMPROVE] Iter=18136 | T=25130.2 | NewBest=235485 | Δ=947 | ImproveTotal=470
[IMPROVE] Iter=18231 | T=24880 | NewBest=235320 | Δ=509 | ImproveTotal=471
[IMPROVE] Iter=18248 | T=24855.1 | NewBest=235110 | Δ=3904 | ImproveTotal=472
[IMPROVE] Iter=18252 | T=24830.3 | NewBest=235009 | Δ=101 | ImproveTotal=473
[IMPROVE] Iter=18257 | T=24830.3 | NewBest=234957 | Δ=64 | ImproveTotal=474
[IMPROVE] Iter=18262 | T=24805.4 | NewBest=234722 | Δ=235 | ImproveTotal=475
[IMPROVE] Iter=18895 | T=23290.2 | NewBest=234608 | Δ=390 | ImproveTotal=476
[IMPROVE] Iter=18900 | T=23290.2 | NewBest=234284 | Δ=324 | ImproveTotal=477
[IMPROVE] Iter=18902 | T=23266.9 | NewBest=234275 | Δ=9 | ImproveTotal=478
[IMPROVE] Iter=18910 | T=23266.9 | NewBest=234249 | Δ=72 | ImproveTotal=479
[IMPROVE] Iter=18983 | T=23081.4 | NewBest=234004 | Δ=669 | ImproveTotal=480
[IMPROVE] Iter=18984 | T=23081.4 | NewBest=233864 | Δ=140 | ImproveTotal=481
[IMPROVE] Iter=18995 | T=23058.3 | NewBest=233815 | Δ=59 | ImproveTotal=482
[IMPROVE] Iter=18996 | T=23058.3 | NewBest=233805 | Δ=10 | ImproveTotal=483
[IMPROVE] Iter=18998 | T=23058.3 | NewBest=233804 | Δ=1 | ImproveTotal=484
[IMPROVE] Iter=18999 | T=23058.3 | NewBest=233556 | Δ=248 | ImproveTotal=485
[IMPROVE] Iter=19013 | T=23012.2 | NewBest=233446 | Δ=411 | ImproveTotal=486
[IMPROVE] Iter=19015 | T=23012.2 | NewBest=232860 | Δ=586 | ImproveTotal=487
[IMPROVE] Iter=19038 | T=22966.2 | NewBest=232854 | Δ=24 | ImproveTotal=488
[IMPROVE] Iter=19041 | T=22943.2 | NewBest=232635 | Δ=219 | ImproveTotal=489
[IMPROVE] Iter=19044 | T=22943.2 | NewBest=232626 | Δ=242 | ImproveTotal=490
[IMPROVE] Iter=19049 | T=22943.2 | NewBest=232549 | Δ=239 | ImproveTotal=491
[IMPROVE] Iter=19100 | T=22828.8 | NewBest=232547 | Δ=441 | ImproveTotal=492
[IMPROVE] Iter=19123 | T=22760.3 | NewBest=232504 | Δ=153 | ImproveTotal=493
[IMPROVE] Iter=23408 | T=14832.3 | NewBest=232485 | Δ=161 | ImproveTotal=494
[IMPROVE] Iter=23410 | T=14832.3 | NewBest=232365 | Δ=120 | ImproveTotal=495
[IMPROVE] Iter=23445 | T=14773 | NewBest=232356 | Δ=117 | ImproveTotal=496
[IMPROVE] Iter=23446 | T=14773 | NewBest=232340 | Δ=16 | ImproveTotal=497
[IMPROVE] Iter=23447 | T=14773 | NewBest=232327 | Δ=13 | ImproveTotal=498
[IMPROVE] Iter=25159 | T=12450 | NewBest=232263 | Δ=148 | ImproveTotal=499
[IMPROVE] Iter=25167 | T=12437.5 | NewBest=232197 | Δ=357 | ImproveTotal=500
[IMPROVE] Iter=25172 | T=12425.1 | NewBest=232152 | Δ=45 | ImproveTotal=501
[IMPROVE] Iter=25174 | T=12425.1 | NewBest=232146 | Δ=6 | ImproveTotal=502
[IMPROVE] Iter=25187 | T=12412.7 | NewBest=232134 | Δ=66 | ImproveTotal=503
[IMPROVE] Iter=25191 | T=12400.2 | NewBest=232115 | Δ=19 | ImproveTotal=504
[IMPROVE] Iter=25193 | T=12400.2 | NewBest=232019 | Δ=96 | ImproveTotal=505
[IMPROVE] Iter=25195 | T=12400.2 | NewBest=231992 | Δ=27 | ImproveTotal=506
[IMPROVE] Iter=25202 | T=12387.8 | NewBest=231938 | Δ=54 | ImproveTotal=507
[IMPROVE] Iter=34069 | T=5105.26 | NewBest=231826 | Δ=406 | ImproveTotal=508
[IMPROVE] Iter=34075 | T=5100.16 | NewBest=231709 | Δ=117 | ImproveTotal=509
[IMPROVE] Iter=34076 | T=5100.16 | NewBest=231639 | Δ=70 | ImproveTotal=510
[IMPROVE] Iter=34083 | T=5095.06 | NewBest=231589 | Δ=72 | ImproveTotal=511
[IMPROVE] Iter=34091 | T=5089.96 | NewBest=231526 | Δ=78 | ImproveTotal=512
[IMPROVE] Iter=34096 | T=5089.96 | NewBest=231525 | Δ=1 | ImproveTotal=513
[IMPROVE] Iter=34099 | T=5089.96 | NewBest=231512 | Δ=13 | ImproveTotal=514
[IMPROVE] Iter=34104 | T=5084.87 | NewBest=231312 | Δ=555 | ImproveTotal=515
[IMPROVE] Iter=34169 | T=5054.44 | NewBest=231283 | Δ=494 | ImproveTotal=516
[IMPROVE] Iter=34171 | T=5049.39 | NewBest=231140 | Δ=143 | ImproveTotal=517
[IMPROVE] Iter=34941 | T=4675 | NewBest=230938 | Δ=471 | ImproveTotal=518
[IMPROVE] Iter=34942 | T=4675 | NewBest=230802 | Δ=136 | ImproveTotal=519
[IMPROVE] Iter=35289 | T=4518.64 | NewBest=230676 | Δ=357 | ImproveTotal=520
[IMPROVE] Iter=35483 | T=4429.12 | NewBest=230596 | Δ=317 | ImproveTotal=521
[IMPROVE] Iter=35485 | T=4429.12 | NewBest=230529 | Δ=67 | ImproveTotal=522
[IMPROVE] Iter=35487 | T=4429.12 | NewBest=230510 | Δ=19 | ImproveTotal=523
[IMPROVE] Iter=35488 | T=4429.12 | NewBest=230333 | Δ=177 | ImproveTotal=524
[IMPROVE] Iter=35490 | T=4429.12 | NewBest=230146 | Δ=187 | ImproveTotal=525
[IMPROVE] Iter=35493 | T=4424.69 | NewBest=229943 | Δ=363 | ImproveTotal=526
[IMPROVE] Iter=35495 | T=4424.69 | NewBest=229885 | Δ=58 | ImproveTotal=527
[IMPROVE] Iter=35498 | T=4424.69 | NewBest=229832 | Δ=53 | ImproveTotal=528
[IMPROVE] Iter=35719 | T=4328.36 | NewBest=229756 | Δ=327 | ImproveTotal=529
[IMPROVE] Iter=35721 | T=4324.04 | NewBest=229754 | Δ=65 | ImproveTotal=530
[IMPROVE] Iter=35722 | T=4324.04 | NewBest=229648 | Δ=106 | ImproveTotal=531
[IMPROVE] Iter=35819 | T=4285.27 | NewBest=229625 | Δ=29 | ImproveTotal=532
[IMPROVE] Iter=35820 | T=4285.27 | NewBest=229505 | Δ=120 | ImproveTotal=533
[IMPROVE] Iter=35845 | T=4272.43 | NewBest=229502 | Δ=4 | ImproveTotal=534
[IMPROVE] Iter=35867 | T=4263.89 | NewBest=229328 | Δ=184 | ImproveTotal=535
[IMPROVE] Iter=35880 | T=4259.63 | NewBest=229322 | Δ=61 | ImproveTotal=536
[IMPROVE] Iter=35884 | T=4255.37 | NewBest=229110 | Δ=257 | ImproveTotal=537
[IMPROVE] Iter=35889 | T=4255.37 | NewBest=229002 | Δ=108 | ImproveTotal=538
[IMPROVE] Iter=35890 | T=4255.37 | NewBest=228907 | Δ=95 | ImproveTotal=539
[IMPROVE] Iter=35894 | T=4251.11 | NewBest=228837 | Δ=70 | ImproveTotal=540
[IMPROVE] Iter=35961 | T=4221.44 | NewBest=228790 | Δ=167 | ImproveTotal=541
[IMPROVE] Iter=35962 | T=4221.44 | NewBest=228729 | Δ=61 | ImproveTotal=542
[IMPROVE] Iter=35963 | T=4221.44 | NewBest=228409 | Δ=320 | ImproveTotal=543
[IMPROVE] Iter=35969 | T=4221.44 | NewBest=228396 | Δ=13 | ImproveTotal=544
[IMPROVE] Iter=35974 | T=4217.22 | NewBest=228368 | Δ=28 | ImproveTotal=545
[IMPROVE] Iter=35976 | T=4217.22 | NewBest=228236 | Δ=132 | ImproveTotal=546
[IMPROVE] Iter=56072 | T=564.492 | NewBest=228221 | Δ=82 | ImproveTotal=547
[IMPROVE] Iter=56075 | T=564.492 | NewBest=228209 | Δ=187 | ImproveTotal=548
[IMPROVE] Iter=56076 | T=564.492 | NewBest=227856 | Δ=353 | ImproveTotal=549
[IMPROVE] Iter=56079 | T=564.492 | NewBest=227844 | Δ=12 | ImproveTotal=550
[IMPROVE] Iter=56087 | T=563.928 | NewBest=227674 | Δ=301 | ImproveTotal=551
[IMPROVE] Iter=56099 | T=563.364 | NewBest=227670 | Δ=18 | ImproveTotal=552
[IMPROVE] Iter=63911 | T=257.632 | NewBest=227613 | Δ=114 | ImproveTotal=553
[IMPROVE] Iter=63916 | T=257.632 | NewBest=227576 | Δ=37 | ImproveTotal=554
[IMPROVE] Iter=63917 | T=257.632 | NewBest=227508 | Δ=68 | ImproveTotal=555
[IMPROVE] Iter=64103 | T=252.781 | NewBest=227411 | Δ=213 | ImproveTotal=556
[IMPROVE] Iter=64108 | T=252.781 | NewBest=227381 | Δ=30 | ImproveTotal=557
[IMPROVE] Iter=64140 | T=252.024 | NewBest=227277 | Δ=173 | ImproveTotal=558
[IMPROVE] Iter=64275 | T=248.518 | NewBest=227241 | Δ=60 | ImproveTotal=559
[IMPROVE] Iter=64278 | T=248.518 | NewBest=227221 | Δ=20 | ImproveTotal=560
[IMPROVE] Iter=64279 | T=248.518 | NewBest=227038 | Δ=183 | ImproveTotal=561
[IMPROVE] Iter=64283 | T=248.27 | NewBest=227012 | Δ=26 | ImproveTotal=562
[IMPROVE] Iter=64743 | T=237.102 | NewBest=226976 | Δ=111 | ImproveTotal=563
[IMPROVE] Iter=66144 | T=206.113 | NewBest=226971 | Δ=77 | ImproveTotal=564
[IMPROVE] Iter=66145 | T=206.113 | NewBest=226903 | Δ=68 | ImproveTotal=565
[IMPROVE] Iter=66149 | T=206.113 | NewBest=226896 | Δ=31 | ImproveTotal=566
[IMPROVE] Iter=66155 | T=205.906 | NewBest=226780 | Δ=124 | ImproveTotal=567
[IMPROVE] Iter=66156 | T=205.906 | NewBest=226686 | Δ=94 | ImproveTotal=568
[IMPROVE] Iter=66514 | T=198.622 | NewBest=226628 | Δ=202 | ImproveTotal=569
[IMPROVE] Iter=66518 | T=198.622 | NewBest=226619 | Δ=9 | ImproveTotal=570
[IMPROVE] Iter=66582 | T=197.236 | NewBest=226594 | Δ=25 | ImproveTotal=571
[IMPROVE] Iter=66775 | T=193.522 | NewBest=226508 | Δ=197 | ImproveTotal=572
[IMPROVE] Iter=67296 | T=183.711 | NewBest=226306 | Δ=248 | ImproveTotal=573
[IMPROVE] Iter=67314 | T=183.344 | NewBest=226242 | Δ=308 | ImproveTotal=574
[IMPROVE] Iter=67328 | T=183.161 | NewBest=226157 | Δ=120 | ImproveTotal=575
[IMPROVE] Iter=67340 | T=182.977 | NewBest=226152 | Δ=38 | ImproveTotal=576
[IMPROVE] Iter=67346 | T=182.794 | NewBest=226136 | Δ=16 | ImproveTotal=577
[IMPROVE] Iter=67366 | T=182.429 | NewBest=226088 | Δ=189 | ImproveTotal=578
[IMPROVE] Iter=67368 | T=182.429 | NewBest=225991 | Δ=97 | ImproveTotal=579
[IMPROVE] Iter=67377 | T=182.247 | NewBest=225979 | Δ=12 | ImproveTotal=580
[IMPROVE] Iter=67395 | T=181.882 | NewBest=225973 | Δ=28 | ImproveTotal=581
[IMPROVE] Iter=67414 | T=181.519 | NewBest=225914 | Δ=59 | ImproveTotal=582
[IMPROVE] Iter=67474 | T=180.432 | NewBest=225861 | Δ=309 | ImproveTotal=583
[IMPROVE] Iter=67484 | T=180.252 | NewBest=225851 | Δ=30 | ImproveTotal=584
[IMPROVE] Iter=67499 | T=180.072 | NewBest=225806 | Δ=45 | ImproveTotal=585
[IMPROVE] Iter=67500 | T=180.072 | NewBest=225800 | Δ=6 | ImproveTotal=586
[IMPROVE] Iter=67512 | T=179.712 | NewBest=225783 | Δ=17 | ImproveTotal=587
[IMPROVE] Iter=67516 | T=179.712 | NewBest=225782 | Δ=1 | ImproveTotal=588
[IMPROVE] Iter=67518 | T=179.712 | NewBest=225713 | Δ=69 | ImproveTotal=589
[IMPROVE] Iter=67605 | T=178.101 | NewBest=225514 | Δ=475 | ImproveTotal=590
[IMPROVE] Iter=67623 | T=177.745 | NewBest=225417 | Δ=325 | ImproveTotal=591
[IMPROVE] Iter=67653 | T=177.212 | NewBest=225415 | Δ=236 | ImproveTotal=592
[IMPROVE] Iter=67654 | T=177.212 | NewBest=225403 | Δ=12 | ImproveTotal=593
[IMPROVE] Iter=67655 | T=177.212 | NewBest=225334 | Δ=69 | ImproveTotal=594
[IMPROVE] Iter=67662 | T=177.035 | NewBest=225258 | Δ=130 | ImproveTotal=595
[IMPROVE] Iter=67684 | T=176.681 | NewBest=225249 | Δ=59 | ImproveTotal=596
[IMPROVE] Iter=67691 | T=176.504 | NewBest=225215 | Δ=63 | ImproveTotal=597
[IMPROVE] Iter=67707 | T=176.328 | NewBest=225197 | Δ=25 | ImproveTotal=598
[IMPROVE] Iter=67711 | T=176.151 | NewBest=225131 | Δ=66 | ImproveTotal=599
[IMPROVE] Iter=67727 | T=175.975 | NewBest=225089 | Δ=56 | ImproveTotal=600
[IMPROVE] Iter=67745 | T=175.623 | NewBest=224895 | Δ=230 | ImproveTotal=601
[IMPROVE] Iter=67765 | T=175.272 | NewBest=224810 | Δ=85 | ImproveTotal=602
[IMPROVE] Iter=67773 | T=175.097 | NewBest=224759 | Δ=77 | ImproveTotal=603
[IMPROVE] Iter=67781 | T=174.922 | NewBest=224722 | Δ=37 | ImproveTotal=604
[IMPROVE] Iter=67782 | T=174.922 | NewBest=224694 | Δ=28 | ImproveTotal=605
[IMPROVE] Iter=67830 | T=174.223 | NewBest=224686 | Δ=13 | ImproveTotal=606
[IMPROVE] Iter=67857 | T=173.701 | NewBest=224573 | Δ=113 | ImproveTotal=607
[IMPROVE] Iter=67974 | T=171.628 | NewBest=224442 | Δ=281 | ImproveTotal=608
[IMPROVE] Iter=67984 | T=171.457 | NewBest=224370 | Δ=131 | ImproveTotal=609
[IMPROVE] Iter=67993 | T=171.285 | NewBest=224268 | Δ=152 | ImproveTotal=610
[IMPROVE] Iter=68000 | T=171.285 | NewBest=224111 | Δ=157 | ImproveTotal=611
[IMPROVE] Iter=68003 | T=171.114 | NewBest=223912 | Δ=199 | ImproveTotal=612
[IMPROVE] Iter=68006 | T=171.114 | NewBest=223837 | Δ=75 | ImproveTotal=613
[IMPROVE] Iter=68013 | T=170.943 | NewBest=223828 | Δ=9 | ImproveTotal=614
[IMPROVE] Iter=68038 | T=170.601 | NewBest=223755 | Δ=90 | ImproveTotal=615
[IMPROVE] Iter=68055 | T=170.26 | NewBest=223749 | Δ=10 | ImproveTotal=616
[IMPROVE] Iter=68059 | T=170.26 | NewBest=223575 | Δ=174 | ImproveTotal=617
[IMPROVE] Iter=68079 | T=169.92 | NewBest=223403 | Δ=184 | ImproveTotal=618
[IMPROVE] Iter=68090 | T=169.75 | NewBest=223363 | Δ=40 | ImproveTotal=619
[IMPROVE] Iter=68102 | T=169.41 | NewBest=223278 | Δ=85 | ImproveTotal=620
[IMPROVE] Iter=68559 | T=161.952 | NewBest=223274 | Δ=10 | ImproveTotal=621
[IMPROVE] Iter=68564 | T=161.79 | NewBest=223174 | Δ=137 | ImproveTotal=622
[IMPROVE] Iter=68566 | T=161.79 | NewBest=223124 | Δ=50 | ImproveTotal=623
[IMPROVE] Iter=68575 | T=161.629 | NewBest=222983 | Δ=188 | ImproveTotal=624
[IMPROVE] Iter=68576 | T=161.629 | NewBest=222973 | Δ=10 | ImproveTotal=625
[IMPROVE] Iter=68583 | T=161.467 | NewBest=222960 | Δ=13 | ImproveTotal=626
[IMPROVE] Iter=68585 | T=161.467 | NewBest=222915 | Δ=45 | ImproveTotal=627
[IMPROVE] Iter=68587 | T=161.467 | NewBest=222891 | Δ=24 | ImproveTotal=628
[IMPROVE] Iter=69011 | T=154.668 | NewBest=222842 | Δ=203 | ImproveTotal=629
[IMPROVE] Iter=69021 | T=154.513 | NewBest=222762 | Δ=121 | ImproveTotal=630
[IMPROVE] Iter=69027 | T=154.513 | NewBest=222757 | Δ=5 | ImproveTotal=631
[IMPROVE] Iter=69081 | T=153.588 | NewBest=222698 | Δ=72 | ImproveTotal=632
[IMPROVE] Iter=69091 | T=153.435 | NewBest=222677 | Δ=141 | ImproveTotal=633
[IMPROVE] Iter=69097 | T=153.435 | NewBest=222674 | Δ=3 | ImproveTotal=634
[IMPROVE] Iter=69103 | T=153.281 | NewBest=222669 | Δ=15 | ImproveTotal=635
[IMPROVE] Iter=69105 | T=153.281 | NewBest=222559 | Δ=110 | ImproveTotal=636
[IMPROVE] Iter=69146 | T=152.669 | NewBest=222539 | Δ=36 | ImproveTotal=637
[IMPROVE] Iter=69183 | T=152.059 | NewBest=222511 | Δ=145 | ImproveTotal=638
[IMPROVE] Iter=69186 | T=152.059 | NewBest=222432 | Δ=79 | ImproveTotal=639
[IMPROVE] Iter=69248 | T=151.149 | NewBest=222429 | Δ=76 | ImproveTotal=640
[IMPROVE] Iter=69299 | T=150.395 | NewBest=222391 | Δ=38 | ImproveTotal=641
[IMPROVE] Iter=69331 | T=149.794 | NewBest=222387 | Δ=49 | ImproveTotal=642
[IMPROVE] Iter=69339 | T=149.794 | NewBest=222382 | Δ=5 | ImproveTotal=643
[IMPROVE] Iter=69427 | T=148.451 | NewBest=222378 | Δ=18 | ImproveTotal=644
[IMPROVE] Iter=69463 | T=147.859 | NewBest=222368 | Δ=159 | ImproveTotal=645
[IMPROVE] Iter=69472 | T=147.711 | NewBest=222366 | Δ=2 | ImproveTotal=646
[IMPROVE] Iter=70012 | T=139.942 | NewBest=222320 | Δ=72 | ImproveTotal=647
[IMPROVE] Iter=70031 | T=139.662 | NewBest=222234 | Δ=89 | ImproveTotal=648
[IMPROVE] Iter=70056 | T=139.383 | NewBest=222228 | Δ=6 | ImproveTotal=649
[IMPROVE] Iter=70057 | T=139.383 | NewBest=222114 | Δ=114 | ImproveTotal=650
[IMPROVE] Iter=70206 | T=137.307 | NewBest=221973 | Δ=281 | ImproveTotal=651
[IMPROVE] Iter=70217 | T=137.17 | NewBest=221887 | Δ=86 | ImproveTotal=652
[IMPROVE] Iter=70226 | T=137.033 | NewBest=221796 | Δ=91 | ImproveTotal=653
[IMPROVE] Iter=70267 | T=136.485 | NewBest=221791 | Δ=139 | ImproveTotal=654
[IMPROVE] Iter=70289 | T=136.212 | NewBest=221764 | Δ=45 | ImproveTotal=655
[IMPROVE] Iter=70498 | T=133.38 | NewBest=221711 | Δ=207 | ImproveTotal=656
[IMPROVE] Iter=70501 | T=133.247 | NewBest=221696 | Δ=15 | ImproveTotal=657
[IMPROVE] Iter=70517 | T=133.114 | NewBest=221633 | Δ=70 | ImproveTotal=658
[IMPROVE] Iter=70576 | T=132.317 | NewBest=221556 | Δ=81 | ImproveTotal=659
[IMPROVE] Iter=70738 | T=130.216 | NewBest=221522 | Δ=60 | ImproveTotal=660
[IMPROVE] Iter=70741 | T=130.086 | NewBest=221518 | Δ=4 | ImproveTotal=661
[IMPROVE] Iter=70745 | T=130.086 | NewBest=221462 | Δ=56 | ImproveTotal=662
[IMPROVE] Iter=70777 | T=129.696 | NewBest=221448 | Δ=20 | ImproveTotal=663
[IMPROVE] Iter=70783 | T=129.566 | NewBest=221398 | Δ=50 | ImproveTotal=664
[IMPROVE] Iter=70786 | T=129.566 | NewBest=221332 | Δ=66 | ImproveTotal=665
[IMPROVE] Iter=70812 | T=129.178 | NewBest=221294 | Δ=154 | ImproveTotal=666
[IMPROVE] Iter=70816 | T=129.178 | NewBest=221157 | Δ=137 | ImproveTotal=667
[IMPROVE] Iter=70819 | T=129.178 | NewBest=221153 | Δ=4 | ImproveTotal=668
[IMPROVE] Iter=70826 | T=129.048 | NewBest=221138 | Δ=15 | ImproveTotal=669
[IMPROVE] Iter=70839 | T=128.919 | NewBest=221125 | Δ=13 | ImproveTotal=670
[IMPROVE] Iter=70847 | T=128.791 | NewBest=221068 | Δ=57 | ImproveTotal=671
[IMPROVE] Iter=70848 | T=128.791 | NewBest=221060 | Δ=8 | ImproveTotal=672
[IMPROVE] Iter=70854 | T=128.662 | NewBest=221047 | Δ=15 | ImproveTotal=673
[IMPROVE] Iter=70856 | T=128.662 | NewBest=221028 | Δ=19 | ImproveTotal=674
[IMPROVE] Iter=70861 | T=128.533 | NewBest=220981 | Δ=47 | ImproveTotal=675
[IMPROVE] Iter=70978 | T=127.126 | NewBest=220809 | Δ=307 | ImproveTotal=676
[IMPROVE] Iter=70996 | T=126.872 | NewBest=220775 | Δ=34 | ImproveTotal=677
[IMPROVE] Iter=71233 | T=123.862 | NewBest=220745 | Δ=160 | ImproveTotal=678
[IMPROVE] Iter=71643 | T=118.884 | NewBest=220738 | Δ=100 | ImproveTotal=679
[IMPROVE] Iter=71649 | T=118.884 | NewBest=220729 | Δ=61 | ImproveTotal=680
[IMPROVE] Iter=71667 | T=118.646 | NewBest=220724 | Δ=7 | ImproveTotal=681
[IMPROVE] Iter=71683 | T=118.409 | NewBest=220681 | Δ=115 | ImproveTotal=682
[IMPROVE] Iter=71723 | T=117.936 | NewBest=220619 | Δ=84 | ImproveTotal=683
[IMPROVE] Iter=74849 | T=86.3136 | NewBest=220617 | Δ=60 | ImproveTotal=684
[IMPROVE] Iter=74863 | T=86.1411 | NewBest=220611 | Δ=6 | ImproveTotal=685
[IMPROVE] Iter=74871 | T=86.0549 | NewBest=220594 | Δ=64 | ImproveTotal=686
[IMPROVE] Iter=74874 | T=86.0549 | NewBest=220560 | Δ=34 | ImproveTotal=687
[IMPROVE] Iter=74914 | T=85.7112 | NewBest=220528 | Δ=69 | ImproveTotal=688
[IMPROVE] Iter=74997 | T=85.0279 | NewBest=220518 | Δ=29 | ImproveTotal=689
[IMPROVE] Iter=75020 | T=84.8579 | NewBest=220499 | Δ=19 | ImproveTotal=690
[IMPROVE] Iter=75053 | T=84.519 | NewBest=220489 | Δ=40 | ImproveTotal=691
[IMPROVE] Iter=75104 | T=84.0973 | NewBest=220477 | Δ=26 | ImproveTotal=692
[IMPROVE] Iter=75143 | T=83.7614 | NewBest=220445 | Δ=61 | ImproveTotal=693
[IMPROVE] Iter=75146 | T=83.7614 | NewBest=220401 | Δ=44 | ImproveTotal=694
[IMPROVE] Iter=75151 | T=83.6776 | NewBest=220397 | Δ=4 | ImproveTotal=695
[IMPROVE] Iter=75157 | T=83.6776 | NewBest=220375 | Δ=22 | ImproveTotal=696
[IMPROVE] Iter=75169 | T=83.5939 | NewBest=220366 | Δ=9 | ImproveTotal=697
[IMPROVE] Iter=75586 | T=80.154 | NewBest=220325 | Δ=131 | ImproveTotal=698
[IMPROVE] Iter=75587 | T=80.154 | NewBest=220300 | Δ=25 | ImproveTotal=699
[IMPROVE] Iter=75588 | T=80.154 | NewBest=220293 | Δ=7 | ImproveTotal=700
[IMPROVE] Iter=75620 | T=79.9138 | NewBest=220258 | Δ=63 | ImproveTotal=701
[IMPROVE] Iter=75624 | T=79.8339 | NewBest=220215 | Δ=43 | ImproveTotal=702
[IMPROVE] Iter=75625 | T=79.8339 | NewBest=220184 | Δ=31 | ImproveTotal=703
[IMPROVE] Iter=75634 | T=79.7541 | NewBest=220164 | Δ=20 | ImproveTotal=704
[IMPROVE] Iter=77439 | T=66.6102 | NewBest=220125 | Δ=51 | ImproveTotal=705
[IMPROVE] Iter=77445 | T=66.5436 | NewBest=220106 | Δ=19 | ImproveTotal=706
[IMPROVE] Iter=77452 | T=66.477 | NewBest=220097 | Δ=19 | ImproveTotal=707
[IMPROVE] Iter=77524 | T=66.0131 | NewBest=220092 | Δ=16 | ImproveTotal=708
[IMPROVE] Iter=77616 | T=65.4213 | NewBest=220087 | Δ=19 | ImproveTotal=709
[IMPROVE] Iter=78546 | T=59.6087 | NewBest=220070 | Δ=99 | ImproveTotal=710
[IMPROVE] Iter=78569 | T=59.4896 | NewBest=219962 | Δ=108 | ImproveTotal=711
[IMPROVE] Iter=78576 | T=59.4301 | NewBest=219955 | Δ=7 | ImproveTotal=712
[IMPROVE] Iter=78667 | T=58.8973 | NewBest=219932 | Δ=88 | ImproveTotal=713
[IMPROVE] Iter=78900 | T=57.5575 | NewBest=219916 | Δ=31 | ImproveTotal=714
[IMPROVE] Iter=78902 | T=57.4999 | NewBest=219907 | Δ=9 | ImproveTotal=715
[IMPROVE] Iter=78914 | T=57.4424 | NewBest=219847 | Δ=78 | ImproveTotal=716
[IMPROVE] Iter=79090 | T=56.4737 | NewBest=219812 | Δ=78 | ImproveTotal=717
[IMPROVE] Iter=79111 | T=56.3044 | NewBest=219807 | Δ=11 | ImproveTotal=718
[IMPROVE] Iter=79133 | T=56.1919 | NewBest=219786 | Δ=21 | ImproveTotal=719
[IMPROVE] Iter=79179 | T=55.9675 | NewBest=219780 | Δ=17 | ImproveTotal=720
[IMPROVE] Iter=79430 | T=54.5849 | NewBest=219774 | Δ=7 | ImproveTotal=721
[IMPROVE] Iter=79435 | T=54.5304 | NewBest=219749 | Δ=25 | ImproveTotal=722
[IMPROVE] Iter=79508 | T=54.1498 | NewBest=219734 | Δ=22 | ImproveTotal=723
[IMPROVE] Iter=79523 | T=54.0415 | NewBest=219733 | Δ=21 | ImproveTotal=724
[IMPROVE] Iter=79524 | T=54.0415 | NewBest=219718 | Δ=15 | ImproveTotal=725
[IMPROVE] Iter=79564 | T=53.8257 | NewBest=219702 | Δ=26 | ImproveTotal=726
[IMPROVE] Iter=79582 | T=53.7181 | NewBest=219685 | Δ=17 | ImproveTotal=727
[IMPROVE] Iter=80119 | T=50.9438 | NewBest=219611 | Δ=205 | ImproveTotal=728
[IMPROVE] Iter=80147 | T=50.7911 | NewBest=219601 | Δ=10 | ImproveTotal=729
[IMPROVE] Iter=80311 | T=49.9346 | NewBest=219526 | Δ=93 | ImproveTotal=730
[IMPROVE] Iter=80358 | T=49.7351 | NewBest=219388 | Δ=253 | ImproveTotal=731
[IMPROVE] Iter=80363 | T=49.6854 | NewBest=219371 | Δ=28 | ImproveTotal=732
[IMPROVE] Iter=80717 | T=47.9756 | NewBest=219333 | Δ=54 | ImproveTotal=733
[IMPROVE] Iter=80759 | T=47.784 | NewBest=219321 | Δ=37 | ImproveTotal=734
[IMPROVE] Iter=80774 | T=47.6885 | NewBest=219288 | Δ=33 | ImproveTotal=735
[IMPROVE] Iter=80809 | T=47.5456 | NewBest=219282 | Δ=6 | ImproveTotal=736
[IMPROVE] Iter=81300 | T=45.2709 | NewBest=219203 | Δ=170 | ImproveTotal=737
[IMPROVE] Iter=81310 | T=45.2256 | NewBest=219191 | Δ=12 | ImproveTotal=738
[IMPROVE] Iter=81622 | T=43.8006 | NewBest=219178 | Δ=61 | ImproveTotal=739
[IMPROVE] Iter=82128 | T=41.6634 | NewBest=219139 | Δ=55 | ImproveTotal=740
[IMPROVE] Iter=82159 | T=41.5385 | NewBest=219090 | Δ=86 | ImproveTotal=741
[IMPROVE] Iter=82165 | T=41.497 | NewBest=219084 | Δ=6 | ImproveTotal=742
[IMPROVE] Iter=82173 | T=41.4555 | NewBest=219034 | Δ=75 | ImproveTotal=743
[IMPROVE] Iter=82190 | T=41.414 | NewBest=218913 | Δ=121 | ImproveTotal=744
[IMPROVE] Iter=82382 | T=40.5936 | NewBest=218899 | Δ=38 | ImproveTotal=745
[IMPROVE] Iter=82458 | T=40.3103 | NewBest=218849 | Δ=52 | ImproveTotal=746
[IMPROVE] Iter=82477 | T=40.2297 | NewBest=218844 | Δ=20 | ImproveTotal=747
[IMPROVE] Iter=82486 | T=40.1895 | NewBest=218843 | Δ=1 | ImproveTotal=748
[IMPROVE] Iter=82519 | T=40.069 | NewBest=218826 | Δ=17 | ImproveTotal=749
[IMPROVE] Iter=82520 | T=40.069 | NewBest=218675 | Δ=151 | ImproveTotal=750
[IMPROVE] Iter=82577 | T=39.8292 | NewBest=218659 | Δ=18 | ImproveTotal=751
[IMPROVE] Iter=82585 | T=39.7894 | NewBest=218610 | Δ=49 | ImproveTotal=752
[IMPROVE] Iter=82902 | T=38.5357 | NewBest=218574 | Δ=61 | ImproveTotal=753
[IMPROVE] Iter=82911 | T=38.4971 | NewBest=218545 | Δ=90 | ImproveTotal=754
[IMPROVE] Iter=82930 | T=38.4586 | NewBest=218539 | Δ=12 | ImproveTotal=755
[IMPROVE] Iter=83073 | T=37.8858 | NewBest=218531 | Δ=18 | ImproveTotal=756
[IMPROVE] Iter=83182 | T=37.4711 | NewBest=218502 | Δ=53 | ImproveTotal=757
[IMPROVE] Iter=83250 | T=37.2468 | NewBest=218492 | Δ=22 | ImproveTotal=758
[IMPROVE] Iter=83375 | T=36.7655 | NewBest=218472 | Δ=23 | ImproveTotal=759
[IMPROVE] Iter=83379 | T=36.7655 | NewBest=218468 | Δ=4 | ImproveTotal=760
[IMPROVE] Iter=83396 | T=36.692 | NewBest=218462 | Δ=10 | ImproveTotal=761
[IMPROVE] Iter=83431 | T=36.5455 | NewBest=218457 | Δ=5 | ImproveTotal=762
[IMPROVE] Iter=83482 | T=36.3631 | NewBest=218409 | Δ=48 | ImproveTotal=763
[IMPROVE] Iter=83494 | T=36.3267 | NewBest=218284 | Δ=125 | ImproveTotal=764
[IMPROVE] Iter=83669 | T=35.7141 | NewBest=218219 | Δ=99 | ImproveTotal=765
[IMPROVE] Iter=83893 | T=34.9017 | NewBest=218207 | Δ=26 | ImproveTotal=766
[IMPROVE] Iter=83913 | T=34.8319 | NewBest=218168 | Δ=39 | ImproveTotal=767
[IMPROVE] Iter=84058 | T=34.3474 | NewBest=218165 | Δ=41 | ImproveTotal=768
[IMPROVE] Iter=85529 | T=29.6497 | NewBest=218161 | Δ=68 | ImproveTotal=769
[IMPROVE] Iter=85651 | T=29.2666 | NewBest=218114 | Δ=47 | ImproveTotal=770
[IMPROVE] Iter=85910 | T=28.5436 | NewBest=218064 | Δ=59 | ImproveTotal=771
[IMPROVE] Iter=85911 | T=28.5151 | NewBest=218007 | Δ=57 | ImproveTotal=772
[IMPROVE] Iter=85920 | T=28.5151 | NewBest=217999 | Δ=8 | ImproveTotal=773
[IMPROVE] Iter=85949 | T=28.4296 | NewBest=217982 | Δ=17 | ImproveTotal=774
[IMPROVE] Iter=86201 | T=27.6996 | NewBest=217950 | Δ=32 | ImproveTotal=775
[IMPROVE] Iter=86205 | T=27.6996 | NewBest=217949 | Δ=1 | ImproveTotal=776
[IMPROVE] Iter=86216 | T=27.6719 | NewBest=217930 | Δ=19 | ImproveTotal=777
[IMPROVE] Iter=86218 | T=27.6719 | NewBest=217923 | Δ=7 | ImproveTotal=778
[IMPROVE] Iter=86337 | T=27.3417 | NewBest=217902 | Δ=49 | ImproveTotal=779
[IMPROVE] Iter=86346 | T=27.3143 | NewBest=217884 | Δ=31 | ImproveTotal=780
[IMPROVE] Iter=86509 | T=26.8806 | NewBest=217882 | Δ=51 | ImproveTotal=781
[IMPROVE] Iter=86592 | T=26.6396 | NewBest=217843 | Δ=56 | ImproveTotal=782
[IMPROVE] Iter=86593 | T=26.6396 | NewBest=217835 | Δ=8 | ImproveTotal=783
[IMPROVE] Iter=86600 | T=26.6396 | NewBest=217804 | Δ=31 | ImproveTotal=784
[IMPROVE] Iter=86652 | T=26.4802 | NewBest=217800 | Δ=20 | ImproveTotal=785
[IMPROVE] Iter=86663 | T=26.4537 | NewBest=217731 | Δ=69 | ImproveTotal=786
[IMPROVE] Iter=86677 | T=26.4272 | NewBest=217715 | Δ=16 | ImproveTotal=787
[IMPROVE] Iter=86697 | T=26.3744 | NewBest=217710 | Δ=5 | ImproveTotal=788
[IMPROVE] Iter=86717 | T=26.3217 | NewBest=217663 | Δ=47 | ImproveTotal=789
[IMPROVE] Iter=86739 | T=26.2691 | NewBest=217659 | Δ=9 | ImproveTotal=790
[IMPROVE] Iter=86848 | T=25.9816 | NewBest=217652 | Δ=28 | ImproveTotal=791
[IMPROVE] Iter=86849 | T=25.9816 | NewBest=217651 | Δ=1 | ImproveTotal=792
[IMPROVE] Iter=86859 | T=25.9556 | NewBest=217647 | Δ=4 | ImproveTotal=793
[IMPROVE] Iter=86895 | T=25.8519 | NewBest=217628 | Δ=43 | ImproveTotal=794
[IMPROVE] Iter=87086 | T=25.3651 | NewBest=217598 | Δ=55 | ImproveTotal=795
[IMPROVE] Iter=87143 | T=25.2133 | NewBest=217594 | Δ=9 | ImproveTotal=796
[IMPROVE] Iter=87184 | T=25.1126 | NewBest=217586 | Δ=8 | ImproveTotal=797
[IMPROVE] Iter=87190 | T=25.1126 | NewBest=217583 | Δ=3 | ImproveTotal=798
[IMPROVE] Iter=87214 | T=25.0373 | NewBest=217544 | Δ=48 | ImproveTotal=799
[IMPROVE] Iter=87221 | T=25.0123 | NewBest=217531 | Δ=13 | ImproveTotal=800
[IMPROVE] Iter=87284 | T=24.8626 | NewBest=217529 | Δ=8 | ImproveTotal=801
[IMPROVE] Iter=87321 | T=24.7633 | NewBest=217508 | Δ=21 | ImproveTotal=802
[IMPROVE] Iter=87334 | T=24.7385 | NewBest=217480 | Δ=28 | ImproveTotal=803
[IMPROVE] Iter=87337 | T=24.7385 | NewBest=217479 | Δ=1 | ImproveTotal=804
[IMPROVE] Iter=87340 | T=24.7385 | NewBest=217472 | Δ=7 | ImproveTotal=805
[IMPROVE] Iter=87414 | T=24.5413 | NewBest=217410 | Δ=107 | ImproveTotal=806
[IMPROVE] Iter=87418 | T=24.5413 | NewBest=217385 | Δ=25 | ImproveTotal=807
[IMPROVE] Iter=87525 | T=24.2727 | NewBest=217369 | Δ=38 | ImproveTotal=808
[IMPROVE] Iter=87548 | T=24.2242 | NewBest=217332 | Δ=59 | ImproveTotal=809
[IMPROVE] Iter=87624 | T=24.0311 | NewBest=217314 | Δ=32 | ImproveTotal=810
[IMPROVE] Iter=87659 | T=23.9591 | NewBest=217305 | Δ=9 | ImproveTotal=811
[IMPROVE] Iter=87882 | T=23.414 | NewBest=217287 | Δ=73 | ImproveTotal=812
[IMPROVE] Iter=87895 | T=23.3906 | NewBest=217277 | Δ=10 | ImproveTotal=813
[IMPROVE] Iter=87972 | T=23.2041 | NewBest=217241 | Δ=36 | ImproveTotal=814
[IMPROVE] Iter=88009 | T=23.1346 | NewBest=217187 | Δ=54 | ImproveTotal=815
[IMPROVE] Iter=88189 | T=22.7217 | NewBest=217180 | Δ=7 | ImproveTotal=816
[IMPROVE] Iter=88385 | T=22.2715 | NewBest=217174 | Δ=6 | ImproveTotal=817
[IMPROVE] Iter=88392 | T=22.2493 | NewBest=217171 | Δ=3 | ImproveTotal=818
[IMPROVE] Iter=88428 | T=22.1826 | NewBest=217154 | Δ=17 | ImproveTotal=819
[IMPROVE] Iter=88800 | T=21.3764 | NewBest=217147 | Δ=15 | ImproveTotal=820
[IMPROVE] Iter=88818 | T=21.3337 | NewBest=217119 | Δ=28 | ImproveTotal=821
[IMPROVE] Iter=88940 | T=21.0791 | NewBest=217056 | Δ=78 | ImproveTotal=822
[IMPROVE] Iter=88958 | T=21.037 | NewBest=217051 | Δ=6 | ImproveTotal=823
[IMPROVE] Iter=88965 | T=21.0159 | NewBest=217032 | Δ=19 | ImproveTotal=824
[IMPROVE] Iter=89021 | T=20.8901 | NewBest=217009 | Δ=39 | ImproveTotal=825
[IMPROVE] Iter=89067 | T=20.8067 | NewBest=216985 | Δ=25 | ImproveTotal=826
[IMPROVE] Iter=89312 | T=20.2927 | NewBest=216981 | Δ=22 | ImproveTotal=827
[IMPROVE] Iter=89313 | T=20.2927 | NewBest=216974 | Δ=7 | ImproveTotal=828
[IMPROVE] Iter=89314 | T=20.2927 | NewBest=216969 | Δ=5 | ImproveTotal=829
[IMPROVE] Iter=89774 | T=19.38 | NewBest=216965 | Δ=4 | ImproveTotal=830
[IMPROVE] Iter=89885 | T=19.1679 | NewBest=216954 | Δ=20 | ImproveTotal=831
[IMPROVE] Iter=91243 | T=16.7294 | NewBest=216949 | Δ=14 | ImproveTotal=832
[IMPROVE] Iter=91248 | T=16.7294 | NewBest=216943 | Δ=6 | ImproveTotal=833
[IMPROVE] Iter=91366 | T=16.5297 | NewBest=216922 | Δ=28 | ImproveTotal=834
[IMPROVE] Iter=91389 | T=16.4967 | NewBest=216915 | Δ=10 | ImproveTotal=835
[IMPROVE] Iter=91497 | T=16.3161 | NewBest=216880 | Δ=39 | ImproveTotal=836
[IMPROVE] Iter=91792 | T=15.8337 | NewBest=216878 | Δ=12 | ImproveTotal=837
[IMPROVE] Iter=93033 | T=13.9863 | NewBest=216861 | Δ=45 | ImproveTotal=838
[IMPROVE] Iter=93154 | T=13.8194 | NewBest=216847 | Δ=28 | ImproveTotal=839
[IMPROVE] Iter=93277 | T=13.6544 | NewBest=216829 | Δ=18 | ImproveTotal=840
[IMPROVE] Iter=93399 | T=13.4915 | NewBest=216806 | Δ=34 | ImproveTotal=841
[IMPROVE] Iter=93457 | T=13.4107 | NewBest=216788 | Δ=28 | ImproveTotal=842
[IMPROVE] Iter=93579 | T=13.2507 | NewBest=216734 | Δ=58 | ImproveTotal=843
[IMPROVE] Iter=93586 | T=13.2374 | NewBest=216709 | Δ=25 | ImproveTotal=844
[IMPROVE] Iter=93720 | T=13.0664 | NewBest=216707 | Δ=14 | ImproveTotal=845
[IMPROVE] Iter=93731 | T=13.0403 | NewBest=216686 | Δ=21 | ImproveTotal=846
[IMPROVE] Iter=93759 | T=13.0142 | NewBest=216677 | Δ=9 | ImproveTotal=847
[IMPROVE] Iter=93795 | T=12.9622 | NewBest=216665 | Δ=15 | ImproveTotal=848
[IMPROVE] Iter=94271 | T=12.3544 | NewBest=216664 | Δ=40 | ImproveTotal=849
[IMPROVE] Iter=94299 | T=12.3297 | NewBest=216658 | Δ=6 | ImproveTotal=850
[IMPROVE] Iter=94326 | T=12.2928 | NewBest=216623 | Δ=35 | ImproveTotal=851
[IMPROVE] Iter=94404 | T=12.1948 | NewBest=216616 | Δ=7 | ImproveTotal=852
[IMPROVE] Iter=94455 | T=12.1339 | NewBest=216613 | Δ=3 | ImproveTotal=853
[IMPROVE] Iter=94547 | T=12.0252 | NewBest=216592 | Δ=21 | ImproveTotal=854
[IMPROVE] Iter=94650 | T=11.9055 | NewBest=216587 | Δ=5 | ImproveTotal=855
[IMPROVE] Iter=94660 | T=11.8935 | NewBest=216581 | Δ=6 | ImproveTotal=856
[IMPROVE] Iter=94734 | T=11.7987 | NewBest=216576 | Δ=8 | ImproveTotal=857
[IMPROVE] Iter=94849 | T=11.6696 | NewBest=216510 | Δ=66 | ImproveTotal=858
[IMPROVE] Iter=94852 | T=11.6579 | NewBest=216509 | Δ=1 | ImproveTotal=859
[IMPROVE] Iter=94856 | T=11.6579 | NewBest=216504 | Δ=5 | ImproveTotal=860
[IMPROVE] Iter=94867 | T=11.6463 | NewBest=216500 | Δ=4 | ImproveTotal=861
[IMPROVE] Iter=94980 | T=11.5188 | NewBest=216468 | Δ=32 | ImproveTotal=862
[IMPROVE] Iter=95012 | T=11.4728 | NewBest=216463 | Δ=5 | ImproveTotal=863
[IMPROVE] Iter=95088 | T=11.3927 | NewBest=216450 | Δ=13 | ImproveTotal=864
[IMPROVE] Iter=95675 | T=10.7397 | NewBest=216449 | Δ=32 | ImproveTotal=865
[IMPROVE] Iter=95724 | T=10.6861 | NewBest=216447 | Δ=2 | ImproveTotal=866
[IMPROVE] Iter=95830 | T=10.5797 | NewBest=216425 | Δ=24 | ImproveTotal=867
[IMPROVE] Iter=96437 | T=9.95333 | NewBest=216392 | Δ=41 | ImproveTotal=868
[IMPROVE] Iter=96562 | T=9.82471 | NewBest=216389 | Δ=18 | ImproveTotal=869
[IMPROVE] Iter=96674 | T=9.71717 | NewBest=216381 | Δ=12 | ImproveTotal=870
[IMPROVE] Iter=96747 | T=9.64936 | NewBest=216365 | Δ=16 | ImproveTotal=871
[IMPROVE] Iter=97028 | T=9.38279 | NewBest=216363 | Δ=14 | ImproveTotal=872
[IMPROVE] Iter=97174 | T=9.24303 | NewBest=216359 | Δ=4 | ImproveTotal=873
[IMPROVE] Iter=97357 | T=9.07806 | NewBest=216356 | Δ=3 | ImproveTotal=874
[IMPROVE] Iter=97892 | T=8.60062 | NewBest=216337 | Δ=30 | ImproveTotal=875
[IMPROVE] Iter=98063 | T=8.45557 | NewBest=216313 | Δ=26 | ImproveTotal=876
[IMPROVE] Iter=98416 | T=8.1646 | NewBest=216303 | Δ=10 | ImproveTotal=877
[IMPROVE] Iter=98597 | T=8.01888 | NewBest=216286 | Δ=17 | ImproveTotal=878
[IMPROVE] Iter=98879 | T=7.79736 | NewBest=216271 | Δ=37 | ImproveTotal=879
[IMPROVE] Iter=99005 | T=7.6966 | NewBest=216270 | Δ=2 | ImproveTotal=880
[IMPROVE] Iter=99159 | T=7.58195 | NewBest=216269 | Δ=8 | ImproveTotal=881
[IMPROVE] Iter=99176 | T=7.5668 | NewBest=216265 | Δ=4 | ImproveTotal=882
[IMPROVE] Iter=99240 | T=7.52151 | NewBest=216248 | Δ=17 | ImproveTotal=883
[IMPROVE] Iter=99354 | T=7.43175 | NewBest=216245 | Δ=3 | ImproveTotal=884
[IMPROVE] Iter=99418 | T=7.38727 | NewBest=216227 | Δ=20 | ImproveTotal=885
[IMPROVE] Iter=99560 | T=7.28451 | NewBest=216220 | Δ=7 | ImproveTotal=886
[IMPROVE] Iter=99699 | T=7.18319 | NewBest=216212 | Δ=8 | ImproveTotal=887
[IMPROVE] Iter=99833 | T=7.08328 | NewBest=216200 | Δ=12 | ImproveTotal=888
[IMPROVE] Iter=99843 | T=7.07619 | NewBest=216191 | Δ=9 | ImproveTotal=889
[IMPROVE] Iter=99848 | T=7.07619 | NewBest=216190 | Δ=1 | ImproveTotal=890
[IMPROVE] Iter=100026 | T=6.9499 | NewBest=216189 | Δ=2 | ImproveTotal=891
[IMPROVE] Iter=100107 | T=6.8945 | NewBest=216188 | Δ=5 | ImproveTotal=892
[IMPROVE] Iter=100186 | T=6.83953 | NewBest=216152 | Δ=36 | ImproveTotal=893
[IMPROVE] Iter=100427 | T=6.67726 | NewBest=216134 | Δ=18 | ImproveTotal=894
[IMPROVE] Iter=100536 | T=6.60417 | NewBest=216125 | Δ=9 | ImproveTotal=895
[IMPROVE] Iter=100954 | T=6.33241 | NewBest=216120 | Δ=5 | ImproveTotal=896
[IMPROVE] Iter=101042 | T=6.27564 | NewBest=216118 | Δ=2 | ImproveTotal=897
[IMPROVE] Iter=101149 | T=6.21317 | NewBest=216086 | Δ=33 | ImproveTotal=898
[IMPROVE] Iter=101319 | T=6.10839 | NewBest=216068 | Δ=30 | ImproveTotal=899
[IMPROVE] Iter=101335 | T=6.09618 | NewBest=216058 | Δ=10 | ImproveTotal=900
[IMPROVE] Iter=101418 | T=6.04758 | NewBest=216044 | Δ=14 | ImproveTotal=901
[IMPROVE] Iter=101463 | T=6.0174 | NewBest=216027 | Δ=17 | ImproveTotal=902
[IMPROVE] Iter=101531 | T=5.9754 | NewBest=216025 | Δ=2 | ImproveTotal=903
[IMPROVE] Iter=101532 | T=5.9754 | NewBest=216022 | Δ=3 | ImproveTotal=904
[IMPROVE] Iter=101671 | T=5.89229 | NewBest=216015 | Δ=7 | ImproveTotal=905
[IMPROVE] Iter=102974 | T=5.17366 | NewBest=215999 | Δ=26 | ImproveTotal=906
[IMPROVE] Iter=103349 | T=4.98564 | NewBest=215988 | Δ=12 | ImproveTotal=907
[IMPROVE] Iter=103519 | T=4.90156 | NewBest=215984 | Δ=6 | ImproveTotal=908
[IMPROVE] Iter=103573 | T=4.87222 | NewBest=215980 | Δ=4 | ImproveTotal=909
[IMPROVE] Iter=103603 | T=4.85762 | NewBest=215969 | Δ=11 | ImproveTotal=910
[IMPROVE] Iter=103989 | T=4.6764 | NewBest=215960 | Δ=26 | ImproveTotal=911
[IMPROVE] Iter=104292 | T=4.53359 | NewBest=215949 | Δ=13 | ImproveTotal=912
[IMPROVE] Iter=104585 | T=4.40394 | NewBest=215947 | Δ=4 | ImproveTotal=913
[IMPROVE] Iter=104641 | T=4.37758 | NewBest=215944 | Δ=3 | ImproveTotal=914
[IMPROVE] Iter=104863 | T=4.28228 | NewBest=215929 | Δ=15 | ImproveTotal=915
[IMPROVE] Iter=104947 | T=4.24814 | NewBest=215922 | Δ=8 | ImproveTotal=916
[IMPROVE] Iter=105088 | T=4.18905 | NewBest=215920 | Δ=3 | ImproveTotal=917
[IMPROVE] Iter=105157 | T=4.15982 | NewBest=215909 | Δ=11 | ImproveTotal=918
[IMPROVE] Iter=105282 | T=4.10606 | NewBest=215908 | Δ=1 | ImproveTotal=919
[IMPROVE] Iter=105544 | T=4.00063 | NewBest=215899 | Δ=10 | ImproveTotal=920
[IMPROVE] Iter=105565 | T=3.99263 | NewBest=215885 | Δ=14 | ImproveTotal=921
[IMPROVE] Iter=105798 | T=3.9018 | NewBest=215874 | Δ=17 | ImproveTotal=922
[IMPROVE] Iter=106505 | T=3.63425 | NewBest=215871 | Δ=3 | ImproveTotal=923
[IMPROVE] Iter=106929 | T=3.4847 | NewBest=215865 | Δ=11 | ImproveTotal=924
[IMPROVE] Iter=107164 | T=3.40202 | NewBest=215859 | Δ=6 | ImproveTotal=925
[IMPROVE] Iter=107287 | T=3.36142 | NewBest=215857 | Δ=7 | ImproveTotal=926
[IMPROVE] Iter=107410 | T=3.32131 | NewBest=215851 | Δ=6 | ImproveTotal=927
[IMPROVE] Iter=107523 | T=3.28167 | NewBest=215849 | Δ=3 | ImproveTotal=928
[IMPROVE] Iter=107646 | T=3.2425 | NewBest=215819 | Δ=32 | ImproveTotal=929
[IMPROVE] Iter=107693 | T=3.22632 | NewBest=215810 | Δ=9 | ImproveTotal=930
[IMPROVE] Iter=107812 | T=3.18782 | NewBest=215778 | Δ=32 | ImproveTotal=931
[IMPROVE] Iter=107832 | T=3.18145 | NewBest=215768 | Δ=10 | ImproveTotal=932
[IMPROVE] Iter=107929 | T=3.15293 | NewBest=215767 | Δ=1 | ImproveTotal=933
[IMPROVE] Iter=107963 | T=3.14034 | NewBest=215766 | Δ=1 | ImproveTotal=934
[IMPROVE] Iter=108189 | T=3.07197 | NewBest=215761 | Δ=5 | ImproveTotal=935
[IMPROVE] Iter=108436 | T=2.99609 | NewBest=215745 | Δ=16 | ImproveTotal=936
[IMPROVE] Iter=108977 | T=2.83851 | NewBest=215706 | Δ=44 | ImproveTotal=937
[IMPROVE] Iter=109096 | T=2.80464 | NewBest=215701 | Δ=5 | ImproveTotal=938
[IMPROVE] Iter=109225 | T=2.76839 | NewBest=215684 | Δ=17 | ImproveTotal=939
[IMPROVE] Iter=109229 | T=2.76839 | NewBest=215683 | Δ=1 | ImproveTotal=940
[IMPROVE] Iter=109325 | T=2.74083 | NewBest=215636 | Δ=47 | ImproveTotal=941
[IMPROVE] Iter=109728 | T=2.63331 | NewBest=215635 | Δ=1 | ImproveTotal=942
[IMPROVE] Iter=110364 | T=2.46998 | NewBest=215630 | Δ=5 | ImproveTotal=943
[IMPROVE] Iter=110953 | T=2.3284 | NewBest=215629 | Δ=6 | ImproveTotal=944
[IMPROVE] Iter=110959 | T=2.3284 | NewBest=215618 | Δ=11 | ImproveTotal=945
[IMPROVE] Iter=111202 | T=2.27088 | NewBest=215617 | Δ=1 | ImproveTotal=946
[IMPROVE] Iter=111213 | T=2.26861 | NewBest=215609 | Δ=8 | ImproveTotal=947
[IMPROVE] Iter=111570 | T=2.19054 | NewBest=215602 | Δ=7 | ImproveTotal=948
[IMPROVE] Iter=111727 | T=2.15576 | NewBest=215601 | Δ=1 | ImproveTotal=949
[IMPROVE] Iter=111961 | T=2.10461 | NewBest=215595 | Δ=6 | ImproveTotal=950
[IMPROVE] Iter=112017 | T=2.09411 | NewBest=215594 | Δ=1 | ImproveTotal=951
[IMPROVE] Iter=112328 | T=2.03015 | NewBest=215557 | Δ=37 | ImproveTotal=952
[IMPROVE] Iter=112913 | T=1.91378 | NewBest=215555 | Δ=2 | ImproveTotal=953
[IMPROVE] Iter=113245 | T=1.85163 | NewBest=215554 | Δ=1 | ImproveTotal=954
[IMPROVE] Iter=113579 | T=1.79149 | NewBest=215551 | Δ=3 | ImproveTotal=955
[IMPROVE] Iter=113928 | T=1.72985 | NewBest=215537 | Δ=14 | ImproveTotal=956
[IMPROVE] Iter=113948 | T=1.72639 | NewBest=215531 | Δ=6 | ImproveTotal=957
[IMPROVE] Iter=114187 | T=1.68543 | NewBest=215498 | Δ=33 | ImproveTotal=958
[IMPROVE] Iter=114281 | T=1.66865 | NewBest=215487 | Δ=11 | ImproveTotal=959
[IMPROVE] Iter=114770 | T=1.59041 | NewBest=215482 | Δ=5 | ImproveTotal=960
[IMPROVE] Iter=115130 | T=1.53414 | NewBest=215478 | Δ=4 | ImproveTotal=961
[IMPROVE] Iter=115505 | T=1.47691 | NewBest=215475 | Δ=9 | ImproveTotal=962
[IMPROVE] Iter=115748 | T=1.44187 | NewBest=215474 | Δ=1 | ImproveTotal=963
[IMPROVE] Iter=115896 | T=1.42039 | NewBest=215472 | Δ=2 | ImproveTotal=964
[IMPROVE] Iter=116010 | T=1.40485 | NewBest=215470 | Δ=2 | ImproveTotal=965
[IMPROVE] Iter=116210 | T=1.37701 | NewBest=215468 | Δ=2 | ImproveTotal=966
[IMPROVE] Iter=116443 | T=1.34434 | NewBest=215466 | Δ=2 | ImproveTotal=967
[IMPROVE] Iter=116691 | T=1.31114 | NewBest=215459 | Δ=7 | ImproveTotal=968
[IMPROVE] Iter=116697 | T=1.31114 | NewBest=215457 | Δ=2 | ImproveTotal=969
[IMPROVE] Iter=116921 | T=1.28131 | NewBest=215455 | Δ=2 | ImproveTotal=970
[IMPROVE] Iter=117052 | T=1.26475 | NewBest=215452 | Δ=3 | ImproveTotal=971
[IMPROVE] Iter=117159 | T=1.25216 | NewBest=215447 | Δ=5 | ImproveTotal=972
[IMPROVE] Iter=117338 | T=1.22981 | NewBest=215440 | Δ=7 | ImproveTotal=973
[IMPROVE] Iter=117446 | T=1.21635 | NewBest=215421 | Δ=19 | ImproveTotal=974
[IMPROVE] Iter=117808 | T=1.17332 | NewBest=215403 | Δ=18 | ImproveTotal=975
[IMPROVE] Iter=118194 | T=1.12842 | NewBest=215388 | Δ=15 | ImproveTotal=976
[IMPROVE] Iter=118273 | T=1.11942 | NewBest=215386 | Δ=2 | ImproveTotal=977
[IMPROVE] Iter=118440 | T=1.10165 | NewBest=215379 | Δ=7 | ImproveTotal=978
[IMPROVE] Iter=118768 | T=1.06587 | NewBest=215359 | Δ=21 | ImproveTotal=979
[IMPROVE] Iter=119030 | T=1.0385 | NewBest=215352 | Δ=7 | ImproveTotal=980
[IMPROVE] Iter=119397 | T=1.00076 | NewBest=215341 | Δ=11 | ImproveTotal=981
[IMPROVE] Iter=120075 | T=0.934937 | NewBest=215337 | Δ=4 | ImproveTotal=982
[IMPROVE] Iter=120092 | T=0.933068 | NewBest=215336 | Δ=1 | ImproveTotal=983
[IMPROVE] Iter=120099 | T=0.933068 | NewBest=215327 | Δ=9 | ImproveTotal=984
[IMPROVE] Iter=120191 | T=0.923779 | NewBest=215312 | Δ=15 | ImproveTotal=985
[IMPROVE] Iter=120301 | T=0.913669 | NewBest=215306 | Δ=6 | ImproveTotal=986
[IMPROVE] Iter=120309 | T=0.913669 | NewBest=215304 | Δ=2 | ImproveTotal=987
[IMPROVE] Iter=120391 | T=0.905478 | NewBest=215303 | Δ=1 | ImproveTotal=988
[IMPROVE] Iter=120622 | T=0.88488 | NewBest=215296 | Δ=7 | ImproveTotal=989
[IMPROVE] Iter=120686 | T=0.879584 | NewBest=215291 | Δ=5 | ImproveTotal=990
[IMPROVE] Iter=121154 | T=0.83918 | NewBest=215283 | Δ=8 | ImproveTotal=991
[IMPROVE] Iter=121521 | T=0.808683 | NewBest=215280 | Δ=3 | ImproveTotal=992
[IMPROVE] Iter=121532 | T=0.807874 | NewBest=215275 | Δ=5 | ImproveTotal=993
[IMPROVE] Iter=121585 | T=0.803843 | NewBest=215260 | Δ=15 | ImproveTotal=994
[IMPROVE] Iter=121738 | T=0.791869 | NewBest=215255 | Δ=5 | ImproveTotal=995
[IMPROVE] Iter=121851 | T=0.782419 | NewBest=215234 | Δ=21 | ImproveTotal=996
[IMPROVE] Iter=122192 | T=0.756251 | NewBest=215225 | Δ=9 | ImproveTotal=997
[IMPROVE] Iter=122228 | T=0.753985 | NewBest=215221 | Δ=4 | ImproveTotal=998
[IMPROVE] Iter=122343 | T=0.744986 | NewBest=215218 | Δ=3 | ImproveTotal=999
[IMPROVE] Iter=122346 | T=0.744986 | NewBest=215199 | Δ=19 | ImproveTotal=1000
[IMPROVE] Iter=122470 | T=0.736095 | NewBest=215190 | Δ=9 | ImproveTotal=1001
[IMPROVE] Iter=123189 | T=0.684935 | NewBest=215172 | Δ=18 | ImproveTotal=1002
[IMPROVE] Iter=123979 | T=0.632882 | NewBest=215156 | Δ=17 | ImproveTotal=1003
[IMPROVE] Iter=124107 | T=0.624704 | NewBest=215130 | Δ=26 | ImproveTotal=1004
[IMPROVE] Iter=124681 | T=0.589485 | NewBest=215127 | Δ=3 | ImproveTotal=1005
[IMPROVE] Iter=125178 | T=0.561282 | NewBest=215123 | Δ=4 | ImproveTotal=1006
[IMPROVE] Iter=125325 | T=0.552922 | NewBest=215121 | Δ=2 | ImproveTotal=1007
[IMPROVE] Iter=125364 | T=0.550714 | NewBest=215100 | Δ=21 | ImproveTotal=1008
[IMPROVE] Iter=125979 | T=0.518108 | NewBest=215091 | Δ=9 | ImproveTotal=1009
[IMPROVE] Iter=126818 | T=0.476345 | NewBest=215090 | Δ=1 | ImproveTotal=1010
[IMPROVE] Iter=127165 | T=0.459953 | NewBest=215083 | Δ=7 | ImproveTotal=1011
[IMPROVE] Iter=127341 | T=0.451744 | NewBest=215057 | Δ=26 | ImproveTotal=1012
[IMPROVE] Iter=127421 | T=0.448143 | NewBest=215051 | Δ=6 | ImproveTotal=1013
[IMPROVE] Iter=127645 | T=0.438386 | NewBest=215050 | Δ=1 | ImproveTotal=1014
[IMPROVE] Iter=128126 | T=0.417831 | NewBest=215039 | Δ=11 | ImproveTotal=1015
[IMPROVE] Iter=128852 | T=0.388402 | NewBest=215018 | Δ=21 | ImproveTotal=1016
[IMPROVE] Iter=129493 | T=0.364311 | NewBest=215001 | Δ=17 | ImproveTotal=1017
[IMPROVE] Iter=130127 | T=0.342057 | NewBest=214997 | Δ=4 | ImproveTotal=1018
[IMPROVE] Iter=131074 | T=0.311042 | NewBest=214993 | Δ=4 | ImproveTotal=1019
[IMPROVE] Iter=131189 | T=0.307638 | NewBest=214989 | Δ=4 | ImproveTotal=1020
[IMPROVE] Iter=131312 | T=0.303663 | NewBest=214987 | Δ=2 | ImproveTotal=1021
[IMPROVE] Iter=131319 | T=0.303663 | NewBest=214982 | Δ=5 | ImproveTotal=1022
[IMPROVE] Iter=132107 | T=0.280585 | NewBest=214964 | Δ=18 | ImproveTotal=1023
[IMPROVE] Iter=132391 | T=0.272561 | NewBest=214959 | Δ=5 | ImproveTotal=1024
[IMPROVE] Iter=132507 | T=0.269578 | NewBest=214936 | Δ=23 | ImproveTotal=1025
[IMPROVE] Iter=132733 | T=0.263445 | NewBest=214917 | Δ=19 | ImproveTotal=1026
[IMPROVE] Iter=133197 | T=0.251596 | NewBest=214916 | Δ=1 | ImproveTotal=1027
[IMPROVE] Iter=133324 | T=0.248344 | NewBest=214909 | Δ=7 | ImproveTotal=1028
[IMPROVE] Iter=134409 | T=0.222909 | NewBest=214907 | Δ=2 | ImproveTotal=1029
[IMPROVE] Iter=134580 | T=0.219149 | NewBest=214893 | Δ=14 | ImproveTotal=1030
[IMPROVE] Iter=134815 | T=0.21395 | NewBest=214891 | Δ=2 | ImproveTotal=1031
[IMPROVE] Iter=135429 | T=0.201283 | NewBest=214885 | Δ=6 | ImproveTotal=1032
[IMPROVE] Iter=135823 | T=0.193387 | NewBest=214881 | Δ=4 | ImproveTotal=1033
[IMPROVE] Iter=136674 | T=0.17762 | NewBest=214870 | Δ=11 | ImproveTotal=1034
[IMPROVE] Iter=136805 | T=0.175325 | NewBest=214866 | Δ=4 | ImproveTotal=1035
[IMPROVE] Iter=137170 | T=0.169123 | NewBest=214864 | Δ=2 | ImproveTotal=1036
[IMPROVE] Iter=137208 | T=0.168447 | NewBest=214857 | Δ=7 | ImproveTotal=1037
[IMPROVE] Iter=137333 | T=0.16627 | NewBest=214856 | Δ=1 | ImproveTotal=1038
[IMPROVE] Iter=137477 | T=0.163958 | NewBest=214845 | Δ=11 | ImproveTotal=1039
[IMPROVE] Iter=137525 | T=0.16314 | NewBest=214837 | Δ=8 | ImproveTotal=1040
[IMPROVE] Iter=137889 | T=0.157368 | NewBest=214819 | Δ=18 | ImproveTotal=1041
[IMPROVE] Iter=138040 | T=0.155024 | NewBest=214813 | Δ=6 | ImproveTotal=1042
[IMPROVE] Iter=138212 | T=0.152257 | NewBest=214810 | Δ=3 | ImproveTotal=1043
[IMPROVE] Iter=139052 | T=0.139984 | NewBest=214806 | Δ=4 | ImproveTotal=1044
[IMPROVE] Iter=139243 | T=0.137348 | NewBest=214796 | Δ=10 | ImproveTotal=1045
[IMPROVE] Iter=139335 | T=0.136117 | NewBest=214786 | Δ=10 | ImproveTotal=1046
[IMPROVE] Iter=139434 | T=0.134762 | NewBest=214783 | Δ=3 | ImproveTotal=1047
[IMPROVE] Iter=140023 | T=0.127037 | NewBest=214782 | Δ=1 | ImproveTotal=1048
[IMPROVE] Iter=140727 | T=0.118445 | NewBest=214775 | Δ=7 | ImproveTotal=1049
[IMPROVE] Iter=142277 | T=0.10143 | NewBest=214773 | Δ=2 | ImproveTotal=1050
[IMPROVE] Iter=142752 | T=0.096674 | NewBest=214763 | Δ=10 | ImproveTotal=1051
[IMPROVE] Iter=144167 | T=0.0839544 | NewBest=214760 | Δ=3 | ImproveTotal=1052
[IMPROVE] Iter=144520 | T=0.0810654 | NewBest=214748 | Δ=12 | ImproveTotal=1053
[IMPROVE] Iter=144735 | T=0.0793006 | NewBest=214734 | Δ=14 | ImproveTotal=1054
[IMPROVE] Iter=144779 | T=0.0789839 | NewBest=214731 | Δ=3 | ImproveTotal=1055
[IMPROVE] Iter=145605 | T=0.0726899 | NewBest=214729 | Δ=2 | ImproveTotal=1056
[IMPROVE] Iter=146413 | T=0.0670314 | NewBest=214728 | Δ=1 | ImproveTotal=1057
[IMPROVE] Iter=146676 | T=0.0653102 | NewBest=214721 | Δ=7 | ImproveTotal=1058
[IMPROVE] Iter=146774 | T=0.06466 | NewBest=214712 | Δ=9 | ImproveTotal=1059
[IMPROVE] Iter=147390 | T=0.0608318 | NewBest=214685 | Δ=27 | ImproveTotal=1060
[IMPROVE] Iter=147740 | T=0.0587385 | NewBest=214684 | Δ=1 | ImproveTotal=1061
[IMPROVE] Iter=149107 | T=0.0512147 | NewBest=214682 | Δ=2 | ImproveTotal=1062
[IMPROVE] Iter=149816 | T=0.0477029 | NewBest=214679 | Δ=3 | ImproveTotal=1063
[IMPROVE] Iter=149941 | T=0.0470864 | NewBest=214668 | Δ=11 | ImproveTotal=1064
[IMPROVE] Iter=150645 | T=0.0439016 | NewBest=214663 | Δ=5 | ImproveTotal=1065
[IMPROVE] Iter=150913 | T=0.0427315 | NewBest=214659 | Δ=4 | ImproveTotal=1066
[IMPROVE] Iter=151858 | T=0.0388959 | NewBest=214654 | Δ=5 | ImproveTotal=1067
[IMPROVE] Iter=153847 | T=0.031874 | NewBest=214635 | Δ=19 | ImproveTotal=1068
[IMPROVE] Iter=153987 | T=0.0314306 | NewBest=214631 | Δ=4 | ImproveTotal=1069
[IMPROVE] Iter=154834 | T=0.0288682 | NewBest=214630 | Δ=1 | ImproveTotal=1070
[IMPROVE] Iter=156076 | T=0.0255 | NewBest=214626 | Δ=4 | ImproveTotal=1071
[IMPROVE] Iter=156550 | T=0.0243287 | NewBest=214624 | Δ=2 | ImproveTotal=1072
[IMPROVE] Iter=156918 | T=0.0234445 | NewBest=214606 | Δ=18 | ImproveTotal=1073
[IMPROVE] Iter=157578 | T=0.0219464 | NewBest=214602 | Δ=4 | ImproveTotal=1074
[IMPROVE] Iter=157847 | T=0.0213615 | NewBest=214596 | Δ=6 | ImproveTotal=1075
[IMPROVE] Iter=157955 | T=0.0211277 | NewBest=214592 | Δ=4 | ImproveTotal=1076
[IMPROVE] Iter=158004 | T=0.0210223 | NewBest=214583 | Δ=9 | ImproveTotal=1077
[IMPROVE] Iter=158223 | T=0.0205646 | NewBest=214580 | Δ=3 | ImproveTotal=1078
[IMPROVE] Iter=158457 | T=0.0200968 | NewBest=214576 | Δ=4 | ImproveTotal=1079
[IMPROVE] Iter=160214 | T=0.016852 | NewBest=214574 | Δ=2 | ImproveTotal=1080
[IMPROVE] Iter=160295 | T=0.0167177 | NewBest=214571 | Δ=3 | ImproveTotal=1081
[IMPROVE] Iter=160524 | T=0.0163374 | NewBest=214568 | Δ=3 | ImproveTotal=1082
[IMPROVE] Iter=160671 | T=0.016094 | NewBest=214564 | Δ=4 | ImproveTotal=1083
[IMPROVE] Iter=161583 | T=0.0146935 | NewBest=214558 | Δ=6 | ImproveTotal=1084
[IMPROVE] Iter=161693 | T=0.0145326 | NewBest=214546 | Δ=12 | ImproveTotal=1085
[IMPROVE] Iter=164735 | T=0.0107214 | NewBest=214545 | Δ=1 | ImproveTotal=1086
[IMPROVE] Iter=165110 | T=0.0103318 | NewBest=214542 | Δ=3 | ImproveTotal=1087
[IMPROVE] Iter=165810 | T=0.00963297 | NewBest=214541 | Δ=1 | ImproveTotal=1088
[IMPROVE] Iter=166341 | T=0.00912634 | NewBest=214540 | Δ=1 | ImproveTotal=1089
[IMPROVE] Iter=167471 | T=0.00815073 | NewBest=214535 | Δ=5 | ImproveTotal=1090
[IMPROVE] Iter=168638 | T=0.0072576 | NewBest=214526 | Δ=9 | ImproveTotal=1091
[IMPROVE] Iter=169240 | T=0.00683475 | NewBest=214524 | Δ=2 | ImproveTotal=1092
[IMPROVE] Iter=171241 | T=0.00558966 | NewBest=214521 | Δ=3 | ImproveTotal=1093
[IMPROVE] Iter=171606 | T=0.00539192 | NewBest=214517 | Δ=4 | ImproveTotal=1094
[IMPROVE] Iter=172217 | T=0.00507269 | NewBest=214516 | Δ=1 | ImproveTotal=1095
[IMPROVE] Iter=173012 | T=0.00468249 | NewBest=214513 | Δ=3 | ImproveTotal=1096
[IMPROVE] Iter=175684 | T=0.00358478 | NewBest=214512 | Δ=1 | ImproveTotal=1097
[IMPROVE] Iter=176136 | T=0.00342696 | NewBest=214510 | Δ=2 | ImproveTotal=1098
[IMPROVE] Iter=176360 | T=0.00335236 | NewBest=214509 | Δ=1 | ImproveTotal=1099
[IMPROVE] Iter=176423 | T=0.00332896 | NewBest=214503 | Δ=6 | ImproveTotal=1100
[IMPROVE] Iter=176918 | T=0.0031697 | NewBest=214500 | Δ=3 | ImproveTotal=1101
[IMPROVE] Iter=180827 | T=0.0021435 | NewBest=214488 | Δ=12 | ImproveTotal=1102
[IMPROVE] Iter=180960 | T=0.0021158 | NewBest=214485 | Δ=3 | ImproveTotal=1103
[IMPROVE] Iter=181256 | T=0.00205324 | NewBest=214477 | Δ=8 | ImproveTotal=1104
[IMPROVE] Iter=181432 | T=0.00201659 | NewBest=214475 | Δ=2 | ImproveTotal=1105
[IMPROVE] Iter=181798 | T=0.00194525 | NewBest=214466 | Δ=9 | ImproveTotal=1106
[IMPROVE] Iter=181877 | T=0.00192974 | NewBest=214463 | Δ=3 | ImproveTotal=1107
[IMPROVE] Iter=182007 | T=0.00190481 | NewBest=214460 | Δ=3 | ImproveTotal=1108
[IMPROVE] Iter=183064 | T=0.00171314 | NewBest=214450 | Δ=10 | ImproveTotal=1109
[IMPROVE] Iter=183231 | T=0.00168425 | NewBest=214448 | Δ=2 | ImproveTotal=1110
[IMPROVE] Iter=183668 | T=0.00161333 | NewBest=214445 | Δ=3 | ImproveTotal=1111
[IMPROVE] Iter=183798 | T=0.00159248 | NewBest=214435 | Δ=10 | ImproveTotal=1112
[IMPROVE] Iter=184496 | T=0.00148476 | NewBest=214434 | Δ=1 | ImproveTotal=1113
[IMPROVE] Iter=184726 | T=0.00145099 | NewBest=214433 | Δ=1 | ImproveTotal=1114
[IMPROVE] Iter=185197 | T=0.00138434 | NewBest=214430 | Δ=3 | ImproveTotal=1115
[IMPROVE] Iter=185269 | T=0.00137468 | NewBest=214428 | Δ=2 | ImproveTotal=1116
[IMPROVE] Iter=186375 | T=0.00123018 | NewBest=214426 | Δ=2 | ImproveTotal=